dataset,recording,kind,metric,value
ego不带tof,ego不带tof,ego,video.rgb_video_metadata.path,[local path omitted]
ego不带tof,ego不带tof,ego,video.rgb_video_metadata.codec_name,mpeg4
ego不带tof,ego不带tof,ego,video.rgb_video_metadata.codec_long_name,MPEG-4 part 2
ego不带tof,ego不带tof,ego,video.rgb_video_metadata.width,1280
ego不带tof,ego不带tof,ego,video.rgb_video_metadata.height,1280
ego不带tof,ego不带tof,ego,video.rgb_video_metadata.fps,60.0
ego不带tof,ego不带tof,ego,video.rgb_video_metadata.nb_frames,1561
ego不带tof,ego不带tof,ego,video.rgb_video_metadata.duration_s,26.016667
ego不带tof,ego不带tof,ego,video.rgb_video_metadata.pix_fmt,yuv420p
ego不带tof,ego不带tof,ego,video.rgb_video_metadata.size_bytes,81991576
ego不带tof,ego不带tof,ego,temporal.rgb_timestamps.count,1561
ego不带tof,ego不带tof,ego,temporal.rgb_timestamps.nonfinite_count,0
ego不带tof,ego不带tof,ego,temporal.rgb_timestamps.duplicate_timestamp_count,0
ego不带tof,ego不带tof,ego,temporal.rgb_timestamps.backward_timestamp_count,0
ego不带tof,ego不带tof,ego,temporal.rgb_timestamps.median_dt_ms,16.657999999551976
ego不带tof,ego不带tof,ego,temporal.rgb_timestamps.p99_dt_ms,16.68640999916534
ego不带tof,ego不带tof,ego,temporal.rgb_timestamps.max_dt_ms,16.7379999984405
ego不带tof,ego不带tof,ego,temporal.rgb_timestamps.estimated_hz,60.031216234055435
ego不带tof,ego不带tof,ego,temporal.rgb_timestamps.duration_s,25.986155000000508
ego不带tof,ego不带tof,ego,structural.rgb_frame_count.video_frames,1561
ego不带tof,ego不带tof,ego,structural.rgb_frame_count.timestamp_rows,1561
ego不带tof,ego不带tof,ego,structural.rgb_frame_count.difference,0
ego不带tof,ego不带tof,ego,video.rgb_visual_quality.sample_count,130
ego不带tof,ego不带tof,ego,video.rgb_visual_quality.black_frame_fraction,0.0
ego不带tof,ego不带tof,ego,video.rgb_visual_quality.low_detail_frame_fraction,0.0
ego不带tof,ego不带tof,ego,video.rgb_visual_quality.static_transition_fraction,0.0
ego不带tof,ego不带tof,ego,video.rgb_visual_quality.longest_static_run_s,0.0
ego不带tof,ego不带tof,ego,video.rgb_visual_quality.motion_energy_p50,5.798671722412109
ego不带tof,ego不带tof,ego,video.rgb_visual_quality.motion_energy_p99,13.062661170959473
ego不带tof,ego不带tof,ego,calibration.intrinsic.fx,394.09381103515625
ego不带tof,ego不带tof,ego,calibration.intrinsic.fy,394.0301513671875
ego不带tof,ego不带tof,ego,calibration.intrinsic.cx,640.7218017578125
ego不带tof,ego不带tof,ego,calibration.intrinsic.cy,640.3656005859375
ego不带tof,ego不带tof,ego,calibration.intrinsic.alpha,0.6833307147026062
ego不带tof,ego不带tof,ego,calibration.intrinsic.beta,0.7398630380630493
ego不带tof,ego不带tof,ego,calibration.intrinsic.width,1280.0
ego不带tof,ego不带tof,ego,calibration.intrinsic.height,1280.0
ego不带tof,ego不带tof,ego,calibration.intrinsic.model,seucm
ego不带tof,ego不带tof,ego,calibration.intrinsic.cx_is_null,True
ego不带tof,ego不带tof,ego,calibration.intrinsic.cy_is_null,True
ego不带tof,ego不带tof,ego,calibration.intrinsic.camera_matrix_is_standard_K,False
ego不带tof,ego不带tof,ego,calibration.extrinsic.finite_fraction,1.0
ego不带tof,ego不带tof,ego,calibration.extrinsic.position_norm_m,0.0253590850364429
ego不带tof,ego不带tof,ego,calibration.extrinsic.quaternion_norm_error,5.522446167027795e-09
ego不带tof,ego不带tof,ego,calibration.extrinsic.image_topic,/xv_sdk/250801DR48FP25002649/rgbd_camera/image
ego不带tof,ego不带tof,ego,trajectory.slam_pose.count,12991
ego不带tof,ego不带tof,ego,trajectory.slam_pose.nonfinite_count,0
ego不带tof,ego不带tof,ego,trajectory.slam_pose.duplicate_timestamp_count,0
ego不带tof,ego不带tof,ego,trajectory.slam_pose.backward_timestamp_count,0
ego不带tof,ego不带tof,ego,trajectory.slam_pose.median_dt_ms,2.0000000004074536
ego不带tof,ego不带tof,ego,trajectory.slam_pose.p99_dt_ms,2.162999999400199
ego不带tof,ego不带tof,ego,trajectory.slam_pose.max_dt_ms,12.851999999838881
ego不带tof,ego不带tof,ego,trajectory.slam_pose.estimated_hz,499.9999998981366
ego不带tof,ego不带tof,ego,trajectory.slam_pose.duration_s,26.007997000000614
ego不带tof,ego不带tof,ego,trajectory.slam_pose.finite_row_fraction,1.0
ego不带tof,ego不带tof,ego,trajectory.slam_pose.quaternion_norm_error_p99,2.55351295663786e-15
ego不带tof,ego不带tof,ego,trajectory.slam_pose.quaternion_norm_error_max,2.7755575615628914e-15
ego不带tof,ego不带tof,ego,trajectory.slam_pose.linear_speed_mps_p50,0.032701449795478496
ego不带tof,ego不带tof,ego,trajectory.slam_pose.linear_speed_mps_p95,0.10448043608568133
ego不带tof,ego不带tof,ego,trajectory.slam_pose.linear_speed_mps_p99,0.15846854318502943
ego不带tof,ego不带tof,ego,trajectory.slam_pose.linear_speed_mps_max,0.1896280929549639
ego不带tof,ego不带tof,ego,trajectory.slam_pose.angular_speed_radps_p50,0.07625553435446239
ego不带tof,ego不带tof,ego,trajectory.slam_pose.angular_speed_radps_p95,0.20314008074023504
ego不带tof,ego不带tof,ego,trajectory.slam_pose.angular_speed_radps_p99,0.25683330678305827
ego不带tof,ego不带tof,ego,trajectory.slam_pose.angular_speed_radps_max,0.3687151084567519
ego不带tof,ego不带tof,ego,trajectory.slam_pose.consecutive_duplicate_value_count,0
ego不带tof,ego不带tof,ego,trajectory.slam_pose.sudden_change_count,0
ego不带tof,ego不带tof,ego,trajectory.slam_pose.sudden_change_fraction,0.0
ego不带tof,ego不带tof,ego,trajectory.slam_pose.extreme_position_count,0
ego不带tof,ego不带tof,ego,trajectory.slam_pose.max_residual_z,1386.8529184163274
ego不带tof,ego不带tof,ego,inertial.imu.count,13165
ego不带tof,ego不带tof,ego,inertial.imu.nonfinite_count,0
ego不带tof,ego不带tof,ego,inertial.imu.duplicate_timestamp_count,0
ego不带tof,ego不带tof,ego,inertial.imu.backward_timestamp_count,0
ego不带tof,ego不带tof,ego,inertial.imu.median_dt_ms,1.9739999988814816
ego不带tof,ego不带tof,ego,inertial.imu.p99_dt_ms,2.011000000493368
ego不带tof,ego不带tof,ego,inertial.imu.max_dt_ms,7.905000000391738
ego不带tof,ego不带tof,ego,inertial.imu.estimated_hz,506.58561325563596
ego不带tof,ego不带tof,ego,inertial.imu.duration_s,26.007862000000387
ego不带tof,ego不带tof,ego,inertial.imu.consecutive_duplicate_count,0
ego不带tof,ego不带tof,ego,inertial.imu.consecutive_duplicate_fraction,0.0
ego不带tof,ego不带tof,ego,inertial.imu.longest_duplicate_run,0
ego不带tof,ego不带tof,ego,inertial.imu.finite_fraction,1.0
ego不带tof,ego不带tof,ego,inertial.imu.gyro_norm_radps_p01,0.00571497246843837
ego不带tof,ego不带tof,ego,inertial.imu.gyro_norm_radps_p50,0.075602534970727
ego不带tof,ego不带tof,ego,inertial.imu.gyro_norm_radps_p99,0.25740974868433447
ego不带tof,ego不带tof,ego,inertial.imu.accel_norm_mps2_p01,9.552240758331957
ego不带tof,ego不带tof,ego,inertial.imu.accel_norm_mps2_p50,9.786185613587605
ego不带tof,ego不带tof,ego,inertial.imu.accel_norm_mps2_p99,10.016228476929227
ego不带tof,ego不带tof,ego,hand.left_hand_hand.joint_file_count,21
ego不带tof,ego不带tof,ego,hand.left_hand_hand.raw_sample_to_rgb_frame_ratio,0.2863549007046765
ego不带tof,ego不带tof,ego,hand.left_hand_hand.raw_complete_sample_to_rgb_frame_ratio,0.2863549007046765
ego不带tof,ego不带tof,ego,hand.left_hand_hand.rgb_temporal_coverage_within_25ms,0.8340807174887892
ego不带tof,ego不带tof,ego,hand.left_hand_hand.duplicate_frame_id_count,0
ego不带tof,ego不带tof,ego,hand.left_hand_hand.max_joint_gap_ms,233.00000000017462
ego不带tof,ego不带tof,ego,hand.left_hand_hand.rgb_nearest_offset_p99_ms,0.9909999989758944
ego不带tof,ego不带tof,ego,hand.left_hand_hand.orthogonality_error_p99,2.555002628314933e-07
ego不带tof,ego不带tof,ego,hand.left_hand_hand.determinant_error_p99,2.0668092252318354e-07
ego不带tof,ego不带tof,ego,hand.left_hand_hand.complete_skeleton_frame_count,447
ego不带tof,ego不带tof,ego,hand.left_hand_hand.bone_length_median_m,0.02455626912460155
ego不带tof,ego不带tof,ego,hand.left_hand_hand.bone_relative_mad_p99,0.15969583192289194
ego不带tof,ego不带tof,ego,hand.left_hand_hand.projection_valid_fraction,1.0
ego不带tof,ego不带tof,ego,hand.left_hand_hand.projection_in_bounds_fraction,1.0
ego不带tof,ego不带tof,ego,hand.right_hand_hand.joint_file_count,21
ego不带tof,ego不带tof,ego,hand.right_hand_hand.raw_sample_to_rgb_frame_ratio,0.293401665598975
ego不带tof,ego不带tof,ego,hand.right_hand_hand.raw_complete_sample_to_rgb_frame_ratio,0.293401665598975
ego不带tof,ego不带tof,ego,hand.right_hand_hand.rgb_temporal_coverage_within_25ms,0.8539397821909033
ego不带tof,ego不带tof,ego,hand.right_hand_hand.duplicate_frame_id_count,84
ego不带tof,ego不带tof,ego,hand.right_hand_hand.max_joint_gap_ms,100.0000000003638
ego不带tof,ego不带tof,ego,hand.right_hand_hand.rgb_nearest_offset_p99_ms,0.9909999989758944
ego不带tof,ego不带tof,ego,hand.right_hand_hand.orthogonality_error_p99,2.575903945579778e-07
ego不带tof,ego不带tof,ego,hand.right_hand_hand.determinant_error_p99,2.0754829088920346e-07
ego不带tof,ego不带tof,ego,hand.right_hand_hand.complete_skeleton_frame_count,458
ego不带tof,ego不带tof,ego,hand.right_hand_hand.bone_length_median_m,0.025084006787893826
ego不带tof,ego不带tof,ego,hand.right_hand_hand.bone_relative_mad_p99,0.24389205553352103
ego不带tof,ego不带tof,ego,hand.right_hand_hand.projection_valid_fraction,1.0
ego不带tof,ego不带tof,ego,hand.right_hand_hand.projection_in_bounds_fraction,1.0
ego不带tof,ego不带tof,ego,cross_modal.rgb_to_slam_pose.p50_ms,0.503999999637017
ego不带tof,ego不带tof,ego,cross_modal.rgb_to_slam_pose.p95_ms,0.954999999521533
ego不带tof,ego不带tof,ego,cross_modal.rgb_to_slam_pose.p99_ms,1.0016000000177885
ego不带tof,ego不带tof,ego,cross_modal.rgb_to_slam_pose.max_ms,27.22600000015518
ego不带tof,ego不带tof,ego,cross_modal.rgb_to_imu.p50_ms,0.49700000090524554
ego不带tof,ego不带tof,ego,cross_modal.rgb_to_imu.p95_ms,0.941999998758547
ego不带tof,ego不带tof,ego,cross_modal.rgb_to_imu.p99_ms,0.9814000004553236
ego不带tof,ego不带tof,ego,cross_modal.rgb_to_imu.max_ms,27.5629999996454
ego不带tof,ego不带tof,ego,cross_modal.rgb_to_left_hand_hand.p50_ms,16.4230000009411
ego不带tof,ego不带tof,ego,cross_modal.rgb_to_left_hand_hand.p95_ms,33.18600000056904
ego不带tof,ego不带tof,ego,cross_modal.rgb_to_left_hand_hand.p99_ms,50.538199999573415
ego不带tof,ego不带tof,ego,cross_modal.rgb_to_left_hand_hand.max_ms,115.81100000148581
ego不带tof,ego不带tof,ego,cross_modal.rgb_to_right_hand_hand.p50_ms,16.39200000136043
ego不带tof,ego不带tof,ego,cross_modal.rgb_to_right_hand_hand.p95_ms,33.05699999873468
ego不带tof,ego不带tof,ego,cross_modal.rgb_to_right_hand_hand.p99_ms,33.55320000046049
ego不带tof,ego不带tof,ego,cross_modal.rgb_to_right_hand_hand.max_ms,49.84899999908521
ego不带tof,ego不带tof,ego,cross_modal.video_pose_motion.max_correlation,0.7148324058096267
ego不带tof,ego不带tof,ego,cross_modal.video_pose_motion.best_lag_samples,0
ego不带tof,ego不带tof,ego,cross_modal.video_pose_motion.best_lag_ms,0.0
ego不带tof,ego不带tof,ego,cross_modal.video_pose_motion.sample_count,129
ego不带tof,ego不带tof,ego,summary.diagnostic_score,82.0
ego带tof,ego带tof,ego,video.rgb_video_metadata.path,[local path omitted]
ego带tof,ego带tof,ego,video.rgb_video_metadata.codec_name,mpeg4
ego带tof,ego带tof,ego,video.rgb_video_metadata.codec_long_name,MPEG-4 part 2
ego带tof,ego带tof,ego,video.rgb_video_metadata.width,1280
ego带tof,ego带tof,ego,video.rgb_video_metadata.height,1280
ego带tof,ego带tof,ego,video.rgb_video_metadata.fps,60.0
ego带tof,ego带tof,ego,video.rgb_video_metadata.nb_frames,1441
ego带tof,ego带tof,ego,video.rgb_video_metadata.duration_s,24.016667
ego带tof,ego带tof,ego,video.rgb_video_metadata.pix_fmt,yuv420p
ego带tof,ego带tof,ego,video.rgb_video_metadata.size_bytes,84919946
ego带tof,ego带tof,ego,temporal.rgb_timestamps.count,1441
ego带tof,ego带tof,ego,temporal.rgb_timestamps.nonfinite_count,0
ego带tof,ego带tof,ego,temporal.rgb_timestamps.duplicate_timestamp_count,0
ego带tof,ego带tof,ego,temporal.rgb_timestamps.backward_timestamp_count,0
ego带tof,ego带tof,ego,temporal.rgb_timestamps.median_dt_ms,16.65800000046147
ego带tof,ego带tof,ego,temporal.rgb_timestamps.p99_dt_ms,16.710000002094603
ego带tof,ego带tof,ego,temporal.rgb_timestamps.max_dt_ms,16.811000001325738
ego带tof,ego带tof,ego,temporal.rgb_timestamps.estimated_hz,60.031216230777844
ego带tof,ego带tof,ego,temporal.rgb_timestamps.duration_s,23.98763400000098
ego带tof,ego带tof,ego,structural.rgb_frame_count.video_frames,1441
ego带tof,ego带tof,ego,structural.rgb_frame_count.timestamp_rows,1441
ego带tof,ego带tof,ego,structural.rgb_frame_count.difference,0
ego带tof,ego带tof,ego,video.rgb_visual_quality.sample_count,120
ego带tof,ego带tof,ego,video.rgb_visual_quality.black_frame_fraction,0.0
ego带tof,ego带tof,ego,video.rgb_visual_quality.low_detail_frame_fraction,0.0
ego带tof,ego带tof,ego,video.rgb_visual_quality.static_transition_fraction,0.0
ego带tof,ego带tof,ego,video.rgb_visual_quality.longest_static_run_s,0.0
ego带tof,ego带tof,ego,video.rgb_visual_quality.motion_energy_p50,4.127968788146973
ego带tof,ego带tof,ego,video.rgb_visual_quality.motion_energy_p99,12.127440452575684
ego带tof,ego带tof,ego,calibration.intrinsic.fx,393.3944091796875
ego带tof,ego带tof,ego,calibration.intrinsic.fy,393.3370056152344
ego带tof,ego带tof,ego,calibration.intrinsic.cx,638.4927368164062
ego带tof,ego带tof,ego,calibration.intrinsic.cy,642.093994140625
ego带tof,ego带tof,ego,calibration.intrinsic.alpha,0.6793699264526367
ego带tof,ego带tof,ego,calibration.intrinsic.beta,0.7491185665130615
ego带tof,ego带tof,ego,calibration.intrinsic.width,1280.0
ego带tof,ego带tof,ego,calibration.intrinsic.height,1280.0
ego带tof,ego带tof,ego,calibration.intrinsic.model,seucm
ego带tof,ego带tof,ego,calibration.intrinsic.cx_is_null,True
ego带tof,ego带tof,ego,calibration.intrinsic.cy_is_null,True
ego带tof,ego带tof,ego,calibration.intrinsic.camera_matrix_is_standard_K,False
ego带tof,ego带tof,ego,calibration.extrinsic.finite_fraction,1.0
ego带tof,ego带tof,ego,calibration.extrinsic.position_norm_m,0.025382456243272043
ego带tof,ego带tof,ego,calibration.extrinsic.quaternion_norm_error,8.913139115662716e-10
ego带tof,ego带tof,ego,calibration.extrinsic.image_topic,/xv_sdk/250801DR48FP25002071/rgbd_camera/image
ego带tof,ego带tof,ego,trajectory.slam_pose.count,12003
ego带tof,ego带tof,ego,trajectory.slam_pose.nonfinite_count,0
ego带tof,ego带tof,ego,trajectory.slam_pose.duplicate_timestamp_count,0
ego带tof,ego带tof,ego,trajectory.slam_pose.backward_timestamp_count,0
ego带tof,ego带tof,ego,trajectory.slam_pose.median_dt_ms,2.0000000004074536
ego带tof,ego带tof,ego,trajectory.slam_pose.p99_dt_ms,2.1809899998334
ego带tof,ego带tof,ego,trajectory.slam_pose.max_dt_ms,7.76199999745586
ego带tof,ego带tof,ego,trajectory.slam_pose.estimated_hz,499.9999998981366
ego带tof,ego带tof,ego,trajectory.slam_pose.duration_s,24.00800000000163
ego带tof,ego带tof,ego,trajectory.slam_pose.finite_row_fraction,1.0
ego带tof,ego带tof,ego,trajectory.slam_pose.quaternion_norm_error_p99,9.325873406851315e-14
ego带tof,ego带tof,ego,trajectory.slam_pose.quaternion_norm_error_max,9.370282327836321e-14
ego带tof,ego带tof,ego,trajectory.slam_pose.linear_speed_mps_p50,0.013809302679549513
ego带tof,ego带tof,ego,trajectory.slam_pose.linear_speed_mps_p95,0.04166965432240082
ego带tof,ego带tof,ego,trajectory.slam_pose.linear_speed_mps_p99,0.04907298227116604
ego带tof,ego带tof,ego,trajectory.slam_pose.linear_speed_mps_max,0.058283543026700683
ego带tof,ego带tof,ego,trajectory.slam_pose.angular_speed_radps_p50,0.04688365791160935
ego带tof,ego带tof,ego,trajectory.slam_pose.angular_speed_radps_p95,0.13499149203313657
ego带tof,ego带tof,ego,trajectory.slam_pose.angular_speed_radps_p99,0.17548510287726482
ego带tof,ego带tof,ego,trajectory.slam_pose.angular_speed_radps_max,0.2681775013907259
ego带tof,ego带tof,ego,trajectory.slam_pose.consecutive_duplicate_value_count,0
ego带tof,ego带tof,ego,trajectory.slam_pose.sudden_change_count,0
ego带tof,ego带tof,ego,trajectory.slam_pose.sudden_change_fraction,0.0
ego带tof,ego带tof,ego,trajectory.slam_pose.extreme_position_count,0
ego带tof,ego带tof,ego,trajectory.slam_pose.max_residual_z,136.85108163813726
ego带tof,ego带tof,ego,inertial.imu.count,12140
ego带tof,ego带tof,ego,inertial.imu.nonfinite_count,0
ego带tof,ego带tof,ego,inertial.imu.duplicate_timestamp_count,0
ego带tof,ego带tof,ego,inertial.imu.backward_timestamp_count,0
ego带tof,ego带tof,ego,inertial.imu.median_dt_ms,1.975999999558553
ego带tof,ego带tof,ego,inertial.imu.p99_dt_ms,2.012000000831904
ego带tof,ego带tof,ego,inertial.imu.max_dt_ms,5.930999999691267
ego带tof,ego带tof,ego,inertial.imu.estimated_hz,506.072874606986
ego带tof,ego带tof,ego,inertial.imu.duration_s,24.008201000000554
ego带tof,ego带tof,ego,inertial.imu.consecutive_duplicate_count,0
ego带tof,ego带tof,ego,inertial.imu.consecutive_duplicate_fraction,0.0
ego带tof,ego带tof,ego,inertial.imu.longest_duplicate_run,0
ego带tof,ego带tof,ego,inertial.imu.finite_fraction,1.0
ego带tof,ego带tof,ego,inertial.imu.gyro_norm_radps_p01,0.007492342160026746
ego带tof,ego带tof,ego,inertial.imu.gyro_norm_radps_p50,0.045557487808510946
ego带tof,ego带tof,ego,inertial.imu.gyro_norm_radps_p99,0.17191167311346423
ego带tof,ego带tof,ego,inertial.imu.accel_norm_mps2_p01,9.515869352376304
ego带tof,ego带tof,ego,inertial.imu.accel_norm_mps2_p50,9.81605400502368
ego带tof,ego带tof,ego,inertial.imu.accel_norm_mps2_p99,10.09791773826646
ego带tof,ego带tof,ego,hand.left_hand_hand.joint_file_count,21
ego带tof,ego带tof,ego,hand.left_hand_hand.raw_sample_to_rgb_frame_ratio,0.28452463566967384
ego带tof,ego带tof,ego,hand.left_hand_hand.raw_complete_sample_to_rgb_frame_ratio,0.28452463566967384
ego带tof,ego带tof,ego,hand.left_hand_hand.rgb_temporal_coverage_within_25ms,0.8299791811242193
ego带tof,ego带tof,ego,hand.left_hand_hand.duplicate_frame_id_count,0
ego带tof,ego带tof,ego,hand.left_hand_hand.max_joint_gap_ms,150.0000000014552
ego带tof,ego带tof,ego,hand.left_hand_hand.rgb_nearest_offset_p99_ms,0.9890000001178123
ego带tof,ego带tof,ego,hand.left_hand_hand.orthogonality_error_p99,2.520346190633128e-07
ego带tof,ego带tof,ego,hand.left_hand_hand.determinant_error_p99,2.0472925406078692e-07
ego带tof,ego带tof,ego,hand.left_hand_hand.complete_skeleton_frame_count,410
ego带tof,ego带tof,ego,hand.left_hand_hand.bone_length_median_m,0.024669780313963482
ego带tof,ego带tof,ego,hand.left_hand_hand.bone_relative_mad_p99,0.08318362842390241
ego带tof,ego带tof,ego,hand.left_hand_hand.projection_valid_fraction,1.0
ego带tof,ego带tof,ego,hand.left_hand_hand.projection_in_bounds_fraction,1.0
ego带tof,ego带tof,ego,hand.right_hand_hand.joint_file_count,21
ego带tof,ego带tof,ego,hand.right_hand_hand.raw_sample_to_rgb_frame_ratio,0.29285218598195695
ego带tof,ego带tof,ego,hand.right_hand_hand.raw_complete_sample_to_rgb_frame_ratio,0.29285218598195695
ego带tof,ego带tof,ego,hand.right_hand_hand.rgb_temporal_coverage_within_25ms,0.8535739070090215
ego带tof,ego带tof,ego,hand.right_hand_hand.duplicate_frame_id_count,252
ego带tof,ego带tof,ego,hand.right_hand_hand.max_joint_gap_ms,115.99999999816646
ego带tof,ego带tof,ego,hand.right_hand_hand.rgb_nearest_offset_p99_ms,0.994999998511048
ego带tof,ego带tof,ego,hand.right_hand_hand.orthogonality_error_p99,2.5834613757299714e-07
ego带tof,ego带tof,ego,hand.right_hand_hand.determinant_error_p99,2.091228746547991e-07
ego带tof,ego带tof,ego,hand.right_hand_hand.complete_skeleton_frame_count,422
ego带tof,ego带tof,ego,hand.right_hand_hand.bone_length_median_m,0.02208251605774997
ego带tof,ego带tof,ego,hand.right_hand_hand.bone_relative_mad_p99,0.5543262948085278
ego带tof,ego带tof,ego,hand.right_hand_hand.projection_valid_fraction,1.0
ego带tof,ego带tof,ego,hand.right_hand_hand.projection_in_bounds_fraction,1.0
ego带tof,ego带tof,ego,temporal.tof_timestamps.count,720
ego带tof,ego带tof,ego,temporal.tof_timestamps.nonfinite_count,0
ego带tof,ego带tof,ego,temporal.tof_timestamps.duplicate_timestamp_count,0
ego带tof,ego带tof,ego,temporal.tof_timestamps.backward_timestamp_count,0
ego带tof,ego带tof,ego,temporal.tof_timestamps.median_dt_ms,33.329999998386484
ego带tof,ego带tof,ego,temporal.tof_timestamps.p99_dt_ms,33.36699999999837
ego带tof,ego带tof,ego,temporal.tof_timestamps.max_dt_ms,33.47800000119605
ego带tof,ego带tof,ego,temporal.tof_timestamps.estimated_hz,30.00300030148246
ego带tof,ego带tof,ego,temporal.tof_timestamps.duration_s,23.964617999998154
ego带tof,ego带tof,ego,depth.tof_arrays.timestamp_rows,720
ego带tof,ego带tof,ego,depth.tof_arrays.referenced_files,720
ego带tof,ego带tof,ego,depth.tof_arrays.missing_referenced_files,0
ego带tof,ego带tof,ego,depth.tof_arrays.sampled_files,200
ego带tof,ego带tof,ego,depth.tof_arrays.load_error_count,0
ego带tof,ego带tof,ego,depth.tof_arrays.shapes,"{""(240, 320)"": 200}"
ego带tof,ego带tof,ego,depth.tof_arrays.dtypes,"{""float32"": 200}"
ego带tof,ego带tof,ego,depth.tof_arrays.finite_fraction,0.9553029296875
ego带tof,ego带tof,ego,depth.tof_arrays.positive_fraction_of_finite,1.0
ego带tof,ego带tof,ego,depth.tof_arrays.depth_m_p01,0.3400000035762787
ego带tof,ego带tof,ego,depth.tof_arrays.depth_m_p50,0.6029999852180481
ego带tof,ego带tof,ego,depth.tof_arrays.depth_m_p99,1.059999942779541
ego带tof,ego带tof,ego,temporal.rgbd_timestamps.count,720
ego带tof,ego带tof,ego,temporal.rgbd_timestamps.nonfinite_count,0
ego带tof,ego带tof,ego,temporal.rgbd_timestamps.duplicate_timestamp_count,0
ego带tof,ego带tof,ego,temporal.rgbd_timestamps.backward_timestamp_count,0
ego带tof,ego带tof,ego,temporal.rgbd_timestamps.median_dt_ms,33.329999998386484
ego带tof,ego带tof,ego,temporal.rgbd_timestamps.p99_dt_ms,33.36699999999837
ego带tof,ego带tof,ego,temporal.rgbd_timestamps.max_dt_ms,33.47800000119605
ego带tof,ego带tof,ego,temporal.rgbd_timestamps.estimated_hz,30.00300030148246
ego带tof,ego带tof,ego,temporal.rgbd_timestamps.duration_s,23.964617999998154
ego带tof,ego带tof,ego,video.rgbd_video.path,[local path omitted]
ego带tof,ego带tof,ego,video.rgbd_video.codec_name,mpeg4
ego带tof,ego带tof,ego,video.rgbd_video.codec_long_name,MPEG-4 part 2
ego带tof,ego带tof,ego,video.rgbd_video.width,640
ego带tof,ego带tof,ego,video.rgbd_video.height,240
ego带tof,ego带tof,ego,video.rgbd_video.fps,30.0
ego带tof,ego带tof,ego,video.rgbd_video.nb_frames,720
ego带tof,ego带tof,ego,video.rgbd_video.duration_s,24.0
ego带tof,ego带tof,ego,video.rgbd_video.pix_fmt,yuv420p
ego带tof,ego带tof,ego,video.rgbd_video.size_bytes,7814042
ego带tof,ego带tof,ego,video.rgbd_video.frame_count_difference,0
ego带tof,ego带tof,ego,cross_modal.rgb_to_slam_pose.p50_ms,0.4910000025120098
ego带tof,ego带tof,ego,cross_modal.rgb_to_slam_pose.p95_ms,0.9539999991829973
ego带tof,ego带tof,ego,cross_modal.rgb_to_slam_pose.p99_ms,1.0089999996125698
ego带tof,ego带tof,ego,cross_modal.rgb_to_slam_pose.max_ms,28.18499999921187
ego带tof,ego带tof,ego,cross_modal.rgb_to_imu.p50_ms,0.49699999726726674
ego带tof,ego带tof,ego,cross_modal.rgb_to_imu.p95_ms,0.9429999990970828
ego带tof,ego带tof,ego,cross_modal.rgb_to_imu.p99_ms,0.984199999948032
ego带tof,ego带tof,ego,cross_modal.rgb_to_imu.max_ms,29.439000001730165
ego带tof,ego带tof,ego,cross_modal.rgb_to_left_hand_hand.p50_ms,16.419999999925494
ego带tof,ego带tof,ego,cross_modal.rgb_to_left_hand_hand.p95_ms,33.29900000244379
ego带tof,ego带tof,ego,cross_modal.rgb_to_left_hand_hand.p99_ms,50.004600000102066
ego带tof,ego带tof,ego,cross_modal.rgb_to_left_hand_hand.max_ms,67.30600000082632
ego带tof,ego带tof,ego,cross_modal.rgb_to_right_hand_hand.p50_ms,16.357000000425614
ego带tof,ego带tof,ego,cross_modal.rgb_to_right_hand_hand.p95_ms,33.106999999290565
ego带tof,ego带tof,ego,cross_modal.rgb_to_right_hand_hand.p99_ms,34.05919999931939
ego带tof,ego带tof,ego,cross_modal.rgb_to_right_hand_hand.max_ms,50.08399999860558
ego带tof,ego带tof,ego,cross_modal.rgb_to_rgbd.p50_ms,8.323999998538056
ego带tof,ego带tof,ego,cross_modal.rgb_to_rgbd.p95_ms,15.235999999276828
ego带tof,ego带tof,ego,cross_modal.rgb_to_rgbd.p99_ms,16.056400000525173
ego带tof,ego带tof,ego,cross_modal.rgb_to_rgbd.max_ms,22.6070000026084
ego带tof,ego带tof,ego,cross_modal.rgb_to_tof.p50_ms,8.323999998538056
ego带tof,ego带tof,ego,cross_modal.rgb_to_tof.p95_ms,15.235999999276828
ego带tof,ego带tof,ego,cross_modal.rgb_to_tof.p99_ms,16.056400000525173
ego带tof,ego带tof,ego,cross_modal.rgb_to_tof.max_ms,22.6070000026084
ego带tof,ego带tof,ego,cross_modal.video_pose_motion.max_correlation,0.7636912731768584
ego带tof,ego带tof,ego,cross_modal.video_pose_motion.best_lag_samples,0
ego带tof,ego带tof,ego,cross_modal.video_pose_motion.best_lag_ms,0.0
ego带tof,ego带tof,ego,cross_modal.video_pose_motion.sample_count,119
ego带tof,ego带tof,ego,summary.diagnostic_score,85.0
fastumi旧数据,left_hand_250801DR48FP26001748,fastumi,video.rgb_video_metadata.path,[local path omitted]
fastumi旧数据,left_hand_250801DR48FP26001748,fastumi,video.rgb_video_metadata.codec_name,mpeg4
fastumi旧数据,left_hand_250801DR48FP26001748,fastumi,video.rgb_video_metadata.codec_long_name,MPEG-4 part 2
fastumi旧数据,left_hand_250801DR48FP26001748,fastumi,video.rgb_video_metadata.width,1280
fastumi旧数据,left_hand_250801DR48FP26001748,fastumi,video.rgb_video_metadata.height,1280
fastumi旧数据,left_hand_250801DR48FP26001748,fastumi,video.rgb_video_metadata.fps,60.0
fastumi旧数据,left_hand_250801DR48FP26001748,fastumi,video.rgb_video_metadata.nb_frames,1506
fastumi旧数据,left_hand_250801DR48FP26001748,fastumi,video.rgb_video_metadata.duration_s,25.1
fastumi旧数据,left_hand_250801DR48FP26001748,fastumi,video.rgb_video_metadata.pix_fmt,yuv420p
fastumi旧数据,left_hand_250801DR48FP26001748,fastumi,video.rgb_video_metadata.size_bytes,102351118
fastumi旧数据,left_hand_250801DR48FP26001748,fastumi,temporal.rgb_timestamps.count,1506
fastumi旧数据,left_hand_250801DR48FP26001748,fastumi,temporal.rgb_timestamps.nonfinite_count,0
fastumi旧数据,left_hand_250801DR48FP26001748,fastumi,temporal.rgb_timestamps.duplicate_timestamp_count,0
fastumi旧数据,left_hand_250801DR48FP26001748,fastumi,temporal.rgb_timestamps.backward_timestamp_count,0
fastumi旧数据,left_hand_250801DR48FP26001748,fastumi,temporal.rgb_timestamps.median_dt_ms,16.65800000046147
fastumi旧数据,left_hand_250801DR48FP26001748,fastumi,temporal.rgb_timestamps.p99_dt_ms,16.686919995991047
fastumi旧数据,left_hand_250801DR48FP26001748,fastumi,temporal.rgb_timestamps.max_dt_ms,16.777999997430015
fastumi旧数据,left_hand_250801DR48FP26001748,fastumi,temporal.rgb_timestamps.estimated_hz,60.031216230777844
fastumi旧数据,left_hand_250801DR48FP26001748,fastumi,temporal.rgb_timestamps.duration_s,25.070410000000265
fastumi旧数据,left_hand_250801DR48FP26001748,fastumi,structural.rgb_frame_count.video_frames,1506
fastumi旧数据,left_hand_250801DR48FP26001748,fastumi,structural.rgb_frame_count.timestamp_rows,1506
fastumi旧数据,left_hand_250801DR48FP26001748,fastumi,structural.rgb_frame_count.difference,0
fastumi旧数据,left_hand_250801DR48FP26001748,fastumi,video.rgb_visual_quality.sample_count,126
fastumi旧数据,left_hand_250801DR48FP26001748,fastumi,video.rgb_visual_quality.black_frame_fraction,0.0
fastumi旧数据,left_hand_250801DR48FP26001748,fastumi,video.rgb_visual_quality.low_detail_frame_fraction,0.0
fastumi旧数据,left_hand_250801DR48FP26001748,fastumi,video.rgb_visual_quality.static_transition_fraction,0.0
fastumi旧数据,left_hand_250801DR48FP26001748,fastumi,video.rgb_visual_quality.longest_static_run_s,0.0
fastumi旧数据,left_hand_250801DR48FP26001748,fastumi,video.rgb_visual_quality.motion_energy_p50,6.303789138793945
fastumi旧数据,left_hand_250801DR48FP26001748,fastumi,video.rgb_visual_quality.motion_energy_p99,23.24247169494629
fastumi旧数据,left_hand_250801DR48FP26001748,fastumi,trajectory.slam_raw.count,13030
fastumi旧数据,left_hand_250801DR48FP26001748,fastumi,trajectory.slam_raw.nonfinite_count,0
fastumi旧数据,left_hand_250801DR48FP26001748,fastumi,trajectory.slam_raw.duplicate_timestamp_count,0
fastumi旧数据,left_hand_250801DR48FP26001748,fastumi,trajectory.slam_raw.backward_timestamp_count,0
fastumi旧数据,left_hand_250801DR48FP26001748,fastumi,trajectory.slam_raw.median_dt_ms,2.0000000004074536
fastumi旧数据,left_hand_250801DR48FP26001748,fastumi,trajectory.slam_raw.p99_dt_ms,2.195720001182053
fastumi旧数据,left_hand_250801DR48FP26001748,fastumi,trajectory.slam_raw.max_dt_ms,7.391999999526888
fastumi旧数据,left_hand_250801DR48FP26001748,fastumi,trajectory.slam_raw.estimated_hz,499.9999998981366
fastumi旧数据,left_hand_250801DR48FP26001748,fastumi,trajectory.slam_raw.duration_s,26.076003000001947
fastumi旧数据,left_hand_250801DR48FP26001748,fastumi,trajectory.slam_raw.finite_row_fraction,1.0
fastumi旧数据,left_hand_250801DR48FP26001748,fastumi,trajectory.slam_raw.quaternion_norm_error_p99,3.641166257395412e-12
fastumi旧数据,left_hand_250801DR48FP26001748,fastumi,trajectory.slam_raw.quaternion_norm_error_max,3.643751966819764e-12
fastumi旧数据,left_hand_250801DR48FP26001748,fastumi,trajectory.slam_raw.linear_speed_mps_p50,0.04001807885439277
fastumi旧数据,left_hand_250801DR48FP26001748,fastumi,trajectory.slam_raw.linear_speed_mps_p95,0.14142087579759768
fastumi旧数据,left_hand_250801DR48FP26001748,fastumi,trajectory.slam_raw.linear_speed_mps_p99,0.17778522369511124
fastumi旧数据,left_hand_250801DR48FP26001748,fastumi,trajectory.slam_raw.linear_speed_mps_max,0.30581715271076165
fastumi旧数据,left_hand_250801DR48FP26001748,fastumi,trajectory.slam_raw.angular_speed_radps_p50,0.10843423236630693
fastumi旧数据,left_hand_250801DR48FP26001748,fastumi,trajectory.slam_raw.angular_speed_radps_p95,0.4650779615071194
fastumi旧数据,left_hand_250801DR48FP26001748,fastumi,trajectory.slam_raw.angular_speed_radps_p99,0.7262743253795202
fastumi旧数据,left_hand_250801DR48FP26001748,fastumi,trajectory.slam_raw.angular_speed_radps_max,1.0356123909303134
fastumi旧数据,left_hand_250801DR48FP26001748,fastumi,trajectory.slam_raw.consecutive_duplicate_value_count,0
fastumi旧数据,left_hand_250801DR48FP26001748,fastumi,trajectory.slam_raw.sudden_change_count,0
fastumi旧数据,left_hand_250801DR48FP26001748,fastumi,trajectory.slam_raw.sudden_change_fraction,0.0
fastumi旧数据,left_hand_250801DR48FP26001748,fastumi,trajectory.slam_raw.extreme_position_count,0
fastumi旧数据,left_hand_250801DR48FP26001748,fastumi,trajectory.slam_raw.max_residual_z,236.4227386779422
fastumi旧数据,left_hand_250801DR48FP26001748,fastumi,trajectory.slam_processed.count,13030
fastumi旧数据,left_hand_250801DR48FP26001748,fastumi,trajectory.slam_processed.nonfinite_count,0
fastumi旧数据,left_hand_250801DR48FP26001748,fastumi,trajectory.slam_processed.duplicate_timestamp_count,0
fastumi旧数据,left_hand_250801DR48FP26001748,fastumi,trajectory.slam_processed.backward_timestamp_count,0
fastumi旧数据,left_hand_250801DR48FP26001748,fastumi,trajectory.slam_processed.median_dt_ms,2.0000000004074536
fastumi旧数据,left_hand_250801DR48FP26001748,fastumi,trajectory.slam_processed.p99_dt_ms,2.195720001182053
fastumi旧数据,left_hand_250801DR48FP26001748,fastumi,trajectory.slam_processed.max_dt_ms,7.391999999526888
fastumi旧数据,left_hand_250801DR48FP26001748,fastumi,trajectory.slam_processed.estimated_hz,499.9999998981366
fastumi旧数据,left_hand_250801DR48FP26001748,fastumi,trajectory.slam_processed.duration_s,26.076003000001947
fastumi旧数据,left_hand_250801DR48FP26001748,fastumi,trajectory.slam_processed.finite_row_fraction,1.0
fastumi旧数据,left_hand_250801DR48FP26001748,fastumi,trajectory.slam_processed.quaternion_norm_error_p99,1.1102230246251565e-16
fastumi旧数据,left_hand_250801DR48FP26001748,fastumi,trajectory.slam_processed.quaternion_norm_error_max,2.220446049250313e-16
fastumi旧数据,left_hand_250801DR48FP26001748,fastumi,trajectory.slam_processed.linear_speed_mps_p50,0.04098028789211104
fastumi旧数据,left_hand_250801DR48FP26001748,fastumi,trajectory.slam_processed.linear_speed_mps_p95,0.13437419308584744
fastumi旧数据,left_hand_250801DR48FP26001748,fastumi,trajectory.slam_processed.linear_speed_mps_p99,0.16948024280681726
fastumi旧数据,left_hand_250801DR48FP26001748,fastumi,trajectory.slam_processed.linear_speed_mps_max,0.3166614867941289
fastumi旧数据,left_hand_250801DR48FP26001748,fastumi,trajectory.slam_processed.angular_speed_radps_p50,0.10843423236630693
fastumi旧数据,left_hand_250801DR48FP26001748,fastumi,trajectory.slam_processed.angular_speed_radps_p95,0.4650779614115935
fastumi旧数据,left_hand_250801DR48FP26001748,fastumi,trajectory.slam_processed.angular_speed_radps_p99,0.7262743254226286
fastumi旧数据,left_hand_250801DR48FP26001748,fastumi,trajectory.slam_processed.angular_speed_radps_max,1.0356123909303134
fastumi旧数据,left_hand_250801DR48FP26001748,fastumi,trajectory.slam_processed.consecutive_duplicate_value_count,0
fastumi旧数据,left_hand_250801DR48FP26001748,fastumi,trajectory.slam_processed.sudden_change_count,0
fastumi旧数据,left_hand_250801DR48FP26001748,fastumi,trajectory.slam_processed.sudden_change_fraction,0.0
fastumi旧数据,left_hand_250801DR48FP26001748,fastumi,trajectory.slam_processed.extreme_position_count,0
fastumi旧数据,left_hand_250801DR48FP26001748,fastumi,trajectory.slam_processed.max_residual_z,236.4227386779484
fastumi旧数据,left_hand_250801DR48FP26001748,fastumi,trajectory.merged_trajectory.count,2507
fastumi旧数据,left_hand_250801DR48FP26001748,fastumi,trajectory.merged_trajectory.nonfinite_count,0
fastumi旧数据,left_hand_250801DR48FP26001748,fastumi,trajectory.merged_trajectory.duplicate_timestamp_count,0
fastumi旧数据,left_hand_250801DR48FP26001748,fastumi,trajectory.merged_trajectory.backward_timestamp_count,0
fastumi旧数据,left_hand_250801DR48FP26001748,fastumi,trajectory.merged_trajectory.median_dt_ms,9.99856000271393
fastumi旧数据,left_hand_250801DR48FP26001748,fastumi,trajectory.merged_trajectory.p99_dt_ms,10.407376651346565
fastumi旧数据,left_hand_250801DR48FP26001748,fastumi,trajectory.merged_trajectory.max_dt_ms,11.610746005317196
fastumi旧数据,left_hand_250801DR48FP26001748,fastumi,trajectory.merged_trajectory.estimated_hz,100.01440204675153
fastumi旧数据,left_hand_250801DR48FP26001748,fastumi,trajectory.merged_trajectory.duration_s,25.060263394996582
fastumi旧数据,left_hand_250801DR48FP26001748,fastumi,trajectory.merged_trajectory.finite_row_fraction,1.0
fastumi旧数据,left_hand_250801DR48FP26001748,fastumi,trajectory.merged_trajectory.quaternion_norm_error_p99,1.1102230246251565e-16
fastumi旧数据,left_hand_250801DR48FP26001748,fastumi,trajectory.merged_trajectory.quaternion_norm_error_max,1.1102230246251565e-16
fastumi旧数据,left_hand_250801DR48FP26001748,fastumi,trajectory.merged_trajectory.linear_speed_mps_p50,0.0406178755025928
fastumi旧数据,left_hand_250801DR48FP26001748,fastumi,trajectory.merged_trajectory.linear_speed_mps_p95,0.13345783782177165
fastumi旧数据,left_hand_250801DR48FP26001748,fastumi,trajectory.merged_trajectory.linear_speed_mps_p99,0.16998969625295693
fastumi旧数据,left_hand_250801DR48FP26001748,fastumi,trajectory.merged_trajectory.linear_speed_mps_max,0.2093702261570367
fastumi旧数据,left_hand_250801DR48FP26001748,fastumi,trajectory.merged_trajectory.angular_speed_radps_p50,0.11364379888858048
fastumi旧数据,left_hand_250801DR48FP26001748,fastumi,trajectory.merged_trajectory.angular_speed_radps_p95,0.46912194203361374
fastumi旧数据,left_hand_250801DR48FP26001748,fastumi,trajectory.merged_trajectory.angular_speed_radps_p99,0.7174055574341597
fastumi旧数据,left_hand_250801DR48FP26001748,fastumi,trajectory.merged_trajectory.angular_speed_radps_max,1.0745526895522621
fastumi旧数据,left_hand_250801DR48FP26001748,fastumi,trajectory.merged_trajectory.consecutive_duplicate_value_count,0
fastumi旧数据,left_hand_250801DR48FP26001748,fastumi,trajectory.merged_trajectory.sudden_change_count,0
fastumi旧数据,left_hand_250801DR48FP26001748,fastumi,trajectory.merged_trajectory.sudden_change_fraction,0.0
fastumi旧数据,left_hand_250801DR48FP26001748,fastumi,trajectory.merged_trajectory.extreme_position_count,0
fastumi旧数据,left_hand_250801DR48FP26001748,fastumi,trajectory.merged_trajectory.max_residual_z,109.3101402797432
fastumi旧数据,left_hand_250801DR48FP26001748,fastumi,trajectory.merge_stats.total_merged,2507
fastumi旧数据,left_hand_250801DR48FP26001748,fastumi,trajectory.merge_stats.averaged,2507
fastumi旧数据,left_hand_250801DR48FP26001748,fastumi,trajectory.merge_stats.use_slam,0
fastumi旧数据,left_hand_250801DR48FP26001748,fastumi,trajectory.merge_stats.use_vive,0
fastumi旧数据,left_hand_250801DR48FP26001748,fastumi,trajectory.merge_stats.both_high,0
fastumi旧数据,left_hand_250801DR48FP26001748,fastumi,trajectory.merge_stats.skipped,0
fastumi旧数据,left_hand_250801DR48FP26001748,fastumi,trajectory.merge_stats.no_match,0
fastumi旧数据,left_hand_250801DR48FP26001748,fastumi,trajectory.merge_stats.velocity_threshold_mps,1.0
fastumi旧数据,left_hand_250801DR48FP26001748,fastumi,trajectory.merge_stats.matching_tolerance_s,0.01
fastumi旧数据,left_hand_250801DR48FP26001748,fastumi,trajectory.merge_stats.trajectory_row_count,2507
fastumi旧数据,left_hand_250801DR48FP26001748,fastumi,scalar.clamp.count,5015
fastumi旧数据,left_hand_250801DR48FP26001748,fastumi,scalar.clamp.nonfinite_count,0
fastumi旧数据,left_hand_250801DR48FP26001748,fastumi,scalar.clamp.duplicate_timestamp_count,0
fastumi旧数据,left_hand_250801DR48FP26001748,fastumi,scalar.clamp.backward_timestamp_count,0
fastumi旧数据,left_hand_250801DR48FP26001748,fastumi,scalar.clamp.median_dt_ms,4.999999997380655
fastumi旧数据,left_hand_250801DR48FP26001748,fastumi,scalar.clamp.p99_dt_ms,5.01300000178162
fastumi旧数据,left_hand_250801DR48FP26001748,fastumi,scalar.clamp.max_dt_ms,5.091999999422114
fastumi旧数据,left_hand_250801DR48FP26001748,fastumi,scalar.clamp.estimated_hz,200.0000001047738
fastumi旧数据,left_hand_250801DR48FP26001748,fastumi,scalar.clamp.duration_s,25.070384999999078
fastumi旧数据,left_hand_250801DR48FP26001748,fastumi,scalar.clamp.finite_fraction,1.0
fastumi旧数据,left_hand_250801DR48FP26001748,fastumi,scalar.clamp.consecutive_duplicate_count,79
fastumi旧数据,left_hand_250801DR48FP26001748,fastumi,scalar.clamp.consecutive_duplicate_fraction,0.015755883526126845
fastumi旧数据,left_hand_250801DR48FP26001748,fastumi,scalar.clamp.longest_duplicate_run,2
fastumi旧数据,left_hand_250801DR48FP26001748,fastumi,scalar.clamp.value_0_p01,0.9662851747376803
fastumi旧数据,left_hand_250801DR48FP26001748,fastumi,scalar.clamp.value_0_p50,87.37431700289063
fastumi旧数据,left_hand_250801DR48FP26001748,fastumi,scalar.clamp.value_0_p99,87.41824850748318
fastumi旧数据,left_hand_250801DR48FP26001748,fastumi,cross_modal.rgb_to_slam_raw.p50_ms,0.5049999999755528
fastumi旧数据,left_hand_250801DR48FP26001748,fastumi,cross_modal.rgb_to_slam_raw.p95_ms,0.9507500017207349
fastumi旧数据,left_hand_250801DR48FP26001748,fastumi,cross_modal.rgb_to_slam_raw.p99_ms,1.007799999570125
fastumi旧数据,left_hand_250801DR48FP26001748,fastumi,cross_modal.rgb_to_slam_raw.max_ms,37.83199999452336
fastumi旧数据,left_hand_250801DR48FP26001748,fastumi,cross_modal.rgb_to_slam_processed.p50_ms,0.5049999999755528
fastumi旧数据,left_hand_250801DR48FP26001748,fastumi,cross_modal.rgb_to_slam_processed.p95_ms,0.9507500017207349
fastumi旧数据,left_hand_250801DR48FP26001748,fastumi,cross_modal.rgb_to_slam_processed.p99_ms,1.007799999570125
fastumi旧数据,left_hand_250801DR48FP26001748,fastumi,cross_modal.rgb_to_slam_processed.max_ms,37.83199999452336
fastumi旧数据,left_hand_250801DR48FP26001748,fastumi,cross_modal.rgb_to_merged_trajectory.p50_ms,2.518004497687798
fastumi旧数据,left_hand_250801DR48FP26001748,fastumi,cross_modal.rgb_to_merged_trajectory.p95_ms,4.745063250084058
fastumi旧数据,left_hand_250801DR48FP26001748,fastumi,cross_modal.rgb_to_merged_trajectory.p99_ms,4.9536178546986775
fastumi旧数据,left_hand_250801DR48FP26001748,fastumi,cross_modal.rgb_to_merged_trajectory.max_ms,37.83192599803442
fastumi旧数据,left_hand_250801DR48FP26001748,fastumi,cross_modal.rgb_to_clamp.p50_ms,1.2499999975261744
fastumi旧数据,left_hand_250801DR48FP26001748,fastumi,cross_modal.rgb_to_clamp.p95_ms,2.3787499994796235
fastumi旧数据,left_hand_250801DR48FP26001748,fastumi,cross_modal.rgb_to_clamp.p99_ms,2.480999995896127
fastumi旧数据,left_hand_250801DR48FP26001748,fastumi,cross_modal.rgb_to_clamp.max_ms,32.811999997647945
fastumi旧数据,left_hand_250801DR48FP26001748,fastumi,cross_modal.video_pose_motion.max_correlation,0.723646852571018
fastumi旧数据,left_hand_250801DR48FP26001748,fastumi,cross_modal.video_pose_motion.best_lag_samples,0
fastumi旧数据,left_hand_250801DR48FP26001748,fastumi,cross_modal.video_pose_motion.best_lag_ms,0.0
fastumi旧数据,left_hand_250801DR48FP26001748,fastumi,cross_modal.video_pose_motion.sample_count,125
fastumi旧数据,left_hand_250801DR48FP26001748,fastumi,summary.diagnostic_score,97.0
fastumi旧数据,right_hand_250801DR48FP26001744,fastumi,video.rgb_video_metadata.path,[local path omitted]
fastumi旧数据,right_hand_250801DR48FP26001744,fastumi,video.rgb_video_metadata.codec_name,mpeg4
fastumi旧数据,right_hand_250801DR48FP26001744,fastumi,video.rgb_video_metadata.codec_long_name,MPEG-4 part 2
fastumi旧数据,right_hand_250801DR48FP26001744,fastumi,video.rgb_video_metadata.width,1280
fastumi旧数据,right_hand_250801DR48FP26001744,fastumi,video.rgb_video_metadata.height,1280
fastumi旧数据,right_hand_250801DR48FP26001744,fastumi,video.rgb_video_metadata.fps,60.0
fastumi旧数据,right_hand_250801DR48FP26001744,fastumi,video.rgb_video_metadata.nb_frames,1505
fastumi旧数据,right_hand_250801DR48FP26001744,fastumi,video.rgb_video_metadata.duration_s,25.083333
fastumi旧数据,right_hand_250801DR48FP26001744,fastumi,video.rgb_video_metadata.pix_fmt,yuv420p
fastumi旧数据,right_hand_250801DR48FP26001744,fastumi,video.rgb_video_metadata.size_bytes,93951466
fastumi旧数据,right_hand_250801DR48FP26001744,fastumi,temporal.rgb_timestamps.count,1505
fastumi旧数据,right_hand_250801DR48FP26001744,fastumi,temporal.rgb_timestamps.nonfinite_count,0
fastumi旧数据,right_hand_250801DR48FP26001744,fastumi,temporal.rgb_timestamps.duplicate_timestamp_count,0
fastumi旧数据,right_hand_250801DR48FP26001744,fastumi,temporal.rgb_timestamps.backward_timestamp_count,0
fastumi旧数据,right_hand_250801DR48FP26001744,fastumi,temporal.rgb_timestamps.median_dt_ms,16.65800000046147
fastumi旧数据,right_hand_250801DR48FP26001744,fastumi,temporal.rgb_timestamps.p99_dt_ms,16.679000000294764
fastumi旧数据,right_hand_250801DR48FP26001744,fastumi,temporal.rgb_timestamps.max_dt_ms,16.72600000165403
fastumi旧数据,right_hand_250801DR48FP26001744,fastumi,temporal.rgb_timestamps.estimated_hz,60.031216230777844
fastumi旧数据,right_hand_250801DR48FP26001744,fastumi,temporal.rgb_timestamps.duration_s,25.053821999994398
fastumi旧数据,right_hand_250801DR48FP26001744,fastumi,structural.rgb_frame_count.video_frames,1505
fastumi旧数据,right_hand_250801DR48FP26001744,fastumi,structural.rgb_frame_count.timestamp_rows,1505
fastumi旧数据,right_hand_250801DR48FP26001744,fastumi,structural.rgb_frame_count.difference,0
fastumi旧数据,right_hand_250801DR48FP26001744,fastumi,video.rgb_visual_quality.sample_count,125
fastumi旧数据,right_hand_250801DR48FP26001744,fastumi,video.rgb_visual_quality.black_frame_fraction,0.0
fastumi旧数据,right_hand_250801DR48FP26001744,fastumi,video.rgb_visual_quality.low_detail_frame_fraction,0.0
fastumi旧数据,right_hand_250801DR48FP26001744,fastumi,video.rgb_visual_quality.static_transition_fraction,0.0
fastumi旧数据,right_hand_250801DR48FP26001744,fastumi,video.rgb_visual_quality.longest_static_run_s,0.0
fastumi旧数据,right_hand_250801DR48FP26001744,fastumi,video.rgb_visual_quality.motion_energy_p50,7.574316501617432
fastumi旧数据,right_hand_250801DR48FP26001744,fastumi,video.rgb_visual_quality.motion_energy_p99,20.988483428955078
fastumi旧数据,right_hand_250801DR48FP26001744,fastumi,trajectory.slam_raw.count,13029
fastumi旧数据,right_hand_250801DR48FP26001744,fastumi,trajectory.slam_raw.nonfinite_count,0
fastumi旧数据,right_hand_250801DR48FP26001744,fastumi,trajectory.slam_raw.duplicate_timestamp_count,0
fastumi旧数据,right_hand_250801DR48FP26001744,fastumi,trajectory.slam_raw.backward_timestamp_count,0
fastumi旧数据,right_hand_250801DR48FP26001744,fastumi,trajectory.slam_raw.median_dt_ms,2.0000000004074536
fastumi旧数据,right_hand_250801DR48FP26001744,fastumi,trajectory.slam_raw.p99_dt_ms,2.166729998643859
fastumi旧数据,right_hand_250801DR48FP26001744,fastumi,trajectory.slam_raw.max_dt_ms,5.999000000883825
fastumi旧数据,right_hand_250801DR48FP26001744,fastumi,trajectory.slam_raw.estimated_hz,499.9999998981366
fastumi旧数据,right_hand_250801DR48FP26001744,fastumi,trajectory.slam_raw.duration_s,26.074001000000862
fastumi旧数据,right_hand_250801DR48FP26001744,fastumi,trajectory.slam_raw.finite_row_fraction,1.0
fastumi旧数据,right_hand_250801DR48FP26001744,fastumi,trajectory.slam_raw.quaternion_norm_error_p99,4.212949988868786e-12
fastumi旧数据,right_hand_250801DR48FP26001744,fastumi,trajectory.slam_raw.quaternion_norm_error_max,4.236389017364672e-12
fastumi旧数据,right_hand_250801DR48FP26001744,fastumi,trajectory.slam_raw.linear_speed_mps_p50,0.053542509229648816
fastumi旧数据,right_hand_250801DR48FP26001744,fastumi,trajectory.slam_raw.linear_speed_mps_p95,0.1569383343750956
fastumi旧数据,right_hand_250801DR48FP26001744,fastumi,trajectory.slam_raw.linear_speed_mps_p99,0.1765418747447929
fastumi旧数据,right_hand_250801DR48FP26001744,fastumi,trajectory.slam_raw.linear_speed_mps_max,0.19061694495226092
fastumi旧数据,right_hand_250801DR48FP26001744,fastumi,trajectory.slam_raw.angular_speed_radps_p50,0.13355944274507273
fastumi旧数据,right_hand_250801DR48FP26001744,fastumi,trajectory.slam_raw.angular_speed_radps_p95,0.44041721856478966
fastumi旧数据,right_hand_250801DR48FP26001744,fastumi,trajectory.slam_raw.angular_speed_radps_p99,0.5336926274557673
fastumi旧数据,right_hand_250801DR48FP26001744,fastumi,trajectory.slam_raw.angular_speed_radps_max,0.6574947350428177
fastumi旧数据,right_hand_250801DR48FP26001744,fastumi,trajectory.slam_raw.consecutive_duplicate_value_count,0
fastumi旧数据,right_hand_250801DR48FP26001744,fastumi,trajectory.slam_raw.sudden_change_count,0
fastumi旧数据,right_hand_250801DR48FP26001744,fastumi,trajectory.slam_raw.sudden_change_fraction,0.0
fastumi旧数据,right_hand_250801DR48FP26001744,fastumi,trajectory.slam_raw.extreme_position_count,0
fastumi旧数据,right_hand_250801DR48FP26001744,fastumi,trajectory.slam_raw.max_residual_z,241.4602979061907
fastumi旧数据,right_hand_250801DR48FP26001744,fastumi,trajectory.slam_processed.count,13029
fastumi旧数据,right_hand_250801DR48FP26001744,fastumi,trajectory.slam_processed.nonfinite_count,0
fastumi旧数据,right_hand_250801DR48FP26001744,fastumi,trajectory.slam_processed.duplicate_timestamp_count,0
fastumi旧数据,right_hand_250801DR48FP26001744,fastumi,trajectory.slam_processed.backward_timestamp_count,0
fastumi旧数据,right_hand_250801DR48FP26001744,fastumi,trajectory.slam_processed.median_dt_ms,2.0000000004074536
fastumi旧数据,right_hand_250801DR48FP26001744,fastumi,trajectory.slam_processed.p99_dt_ms,2.166729998643859
fastumi旧数据,right_hand_250801DR48FP26001744,fastumi,trajectory.slam_processed.max_dt_ms,5.999000000883825
fastumi旧数据,right_hand_250801DR48FP26001744,fastumi,trajectory.slam_processed.estimated_hz,499.9999998981366
fastumi旧数据,right_hand_250801DR48FP26001744,fastumi,trajectory.slam_processed.duration_s,26.074001000000862
fastumi旧数据,right_hand_250801DR48FP26001744,fastumi,trajectory.slam_processed.finite_row_fraction,1.0
fastumi旧数据,right_hand_250801DR48FP26001744,fastumi,trajectory.slam_processed.quaternion_norm_error_p99,1.1102230246251565e-16
fastumi旧数据,right_hand_250801DR48FP26001744,fastumi,trajectory.slam_processed.quaternion_norm_error_max,1.1102230246251565e-16
fastumi旧数据,right_hand_250801DR48FP26001744,fastumi,trajectory.slam_processed.linear_speed_mps_p50,0.06042369405309819
fastumi旧数据,right_hand_250801DR48FP26001744,fastumi,trajectory.slam_processed.linear_speed_mps_p95,0.1570959169694172
fastumi旧数据,right_hand_250801DR48FP26001744,fastumi,trajectory.slam_processed.linear_speed_mps_p99,0.18153249138157457
fastumi旧数据,right_hand_250801DR48FP26001744,fastumi,trajectory.slam_processed.linear_speed_mps_max,0.21288903371993656
fastumi旧数据,right_hand_250801DR48FP26001744,fastumi,trajectory.slam_processed.angular_speed_radps_p50,0.13355944232889777
fastumi旧数据,right_hand_250801DR48FP26001744,fastumi,trajectory.slam_processed.angular_speed_radps_p95,0.44041721840093706
fastumi旧数据,right_hand_250801DR48FP26001744,fastumi,trajectory.slam_processed.angular_speed_radps_p99,0.5336926274557673
fastumi旧数据,right_hand_250801DR48FP26001744,fastumi,trajectory.slam_processed.angular_speed_radps_max,0.6574947350428177
fastumi旧数据,right_hand_250801DR48FP26001744,fastumi,trajectory.slam_processed.consecutive_duplicate_value_count,0
fastumi旧数据,right_hand_250801DR48FP26001744,fastumi,trajectory.slam_processed.sudden_change_count,0
fastumi旧数据,right_hand_250801DR48FP26001744,fastumi,trajectory.slam_processed.sudden_change_fraction,0.0
fastumi旧数据,right_hand_250801DR48FP26001744,fastumi,trajectory.slam_processed.extreme_position_count,0
fastumi旧数据,right_hand_250801DR48FP26001744,fastumi,trajectory.slam_processed.max_residual_z,223.24100106800677
fastumi旧数据,right_hand_250801DR48FP26001744,fastumi,trajectory.merged_trajectory.count,2506
fastumi旧数据,right_hand_250801DR48FP26001744,fastumi,trajectory.merged_trajectory.nonfinite_count,0
fastumi旧数据,right_hand_250801DR48FP26001744,fastumi,trajectory.merged_trajectory.duplicate_timestamp_count,0
fastumi旧数据,right_hand_250801DR48FP26001744,fastumi,trajectory.merged_trajectory.backward_timestamp_count,0
fastumi旧数据,right_hand_250801DR48FP26001744,fastumi,trajectory.merged_trajectory.median_dt_ms,9.999752001021989
fastumi旧数据,right_hand_250801DR48FP26001744,fastumi,trajectory.merged_trajectory.p99_dt_ms,10.664406238356607
fastumi旧数据,right_hand_250801DR48FP26001744,fastumi,trajectory.merged_trajectory.max_dt_ms,11.641502998827491
fastumi旧数据,right_hand_250801DR48FP26001744,fastumi,trajectory.merged_trajectory.estimated_hz,100.00248005128513
fastumi旧数据,right_hand_250801DR48FP26001744,fastumi,trajectory.merged_trajectory.duration_s,25.049956082999415
fastumi旧数据,right_hand_250801DR48FP26001744,fastumi,trajectory.merged_trajectory.finite_row_fraction,1.0
fastumi旧数据,right_hand_250801DR48FP26001744,fastumi,trajectory.merged_trajectory.quaternion_norm_error_p99,1.1102230246251565e-16
fastumi旧数据,right_hand_250801DR48FP26001744,fastumi,trajectory.merged_trajectory.quaternion_norm_error_max,1.1102230246251565e-16
fastumi旧数据,right_hand_250801DR48FP26001744,fastumi,trajectory.merged_trajectory.linear_speed_mps_p50,0.06298269993106027
fastumi旧数据,right_hand_250801DR48FP26001744,fastumi,trajectory.merged_trajectory.linear_speed_mps_p95,0.15857738417942074
fastumi旧数据,right_hand_250801DR48FP26001744,fastumi,trajectory.merged_trajectory.linear_speed_mps_p99,0.18678977315011847
fastumi旧数据,right_hand_250801DR48FP26001744,fastumi,trajectory.merged_trajectory.linear_speed_mps_max,0.20736817436327917
fastumi旧数据,right_hand_250801DR48FP26001744,fastumi,trajectory.merged_trajectory.angular_speed_radps_p50,0.14014082323319815
fastumi旧数据,right_hand_250801DR48FP26001744,fastumi,trajectory.merged_trajectory.angular_speed_radps_p95,0.4398791522293778
fastumi旧数据,right_hand_250801DR48FP26001744,fastumi,trajectory.merged_trajectory.angular_speed_radps_p99,0.5337106330990312
fastumi旧数据,right_hand_250801DR48FP26001744,fastumi,trajectory.merged_trajectory.angular_speed_radps_max,0.6832175870484828
fastumi旧数据,right_hand_250801DR48FP26001744,fastumi,trajectory.merged_trajectory.consecutive_duplicate_value_count,0
fastumi旧数据,right_hand_250801DR48FP26001744,fastumi,trajectory.merged_trajectory.sudden_change_count,0
fastumi旧数据,right_hand_250801DR48FP26001744,fastumi,trajectory.merged_trajectory.sudden_change_fraction,0.0
fastumi旧数据,right_hand_250801DR48FP26001744,fastumi,trajectory.merged_trajectory.extreme_position_count,0
fastumi旧数据,right_hand_250801DR48FP26001744,fastumi,trajectory.merged_trajectory.max_residual_z,72.22540255784102
fastumi旧数据,right_hand_250801DR48FP26001744,fastumi,trajectory.merge_stats.total_merged,2506
fastumi旧数据,right_hand_250801DR48FP26001744,fastumi,trajectory.merge_stats.averaged,2506
fastumi旧数据,right_hand_250801DR48FP26001744,fastumi,trajectory.merge_stats.use_slam,0
fastumi旧数据,right_hand_250801DR48FP26001744,fastumi,trajectory.merge_stats.use_vive,0
fastumi旧数据,right_hand_250801DR48FP26001744,fastumi,trajectory.merge_stats.both_high,0
fastumi旧数据,right_hand_250801DR48FP26001744,fastumi,trajectory.merge_stats.skipped,0
fastumi旧数据,right_hand_250801DR48FP26001744,fastumi,trajectory.merge_stats.no_match,0
fastumi旧数据,right_hand_250801DR48FP26001744,fastumi,trajectory.merge_stats.velocity_threshold_mps,1.0
fastumi旧数据,right_hand_250801DR48FP26001744,fastumi,trajectory.merge_stats.matching_tolerance_s,0.01
fastumi旧数据,right_hand_250801DR48FP26001744,fastumi,trajectory.merge_stats.trajectory_row_count,2506
fastumi旧数据,right_hand_250801DR48FP26001744,fastumi,scalar.clamp.count,5015
fastumi旧数据,right_hand_250801DR48FP26001744,fastumi,scalar.clamp.nonfinite_count,0
fastumi旧数据,right_hand_250801DR48FP26001744,fastumi,scalar.clamp.duplicate_timestamp_count,0
fastumi旧数据,right_hand_250801DR48FP26001744,fastumi,scalar.clamp.backward_timestamp_count,0
fastumi旧数据,right_hand_250801DR48FP26001744,fastumi,scalar.clamp.median_dt_ms,4.999999997380655
fastumi旧数据,right_hand_250801DR48FP26001744,fastumi,scalar.clamp.p99_dt_ms,5.014870002414682
fastumi旧数据,right_hand_250801DR48FP26001744,fastumi,scalar.clamp.max_dt_ms,5.113999999593943
fastumi旧数据,right_hand_250801DR48FP26001744,fastumi,scalar.clamp.estimated_hz,200.0000001047738
fastumi旧数据,right_hand_250801DR48FP26001744,fastumi,scalar.clamp.duration_s,25.070443999997224
fastumi旧数据,right_hand_250801DR48FP26001744,fastumi,scalar.clamp.finite_fraction,1.0
fastumi旧数据,right_hand_250801DR48FP26001744,fastumi,scalar.clamp.consecutive_duplicate_count,2917
fastumi旧数据,right_hand_250801DR48FP26001744,fastumi,scalar.clamp.consecutive_duplicate_fraction,0.5817710410849621
fastumi旧数据,right_hand_250801DR48FP26001744,fastumi,scalar.clamp.longest_duplicate_run,24
fastumi旧数据,right_hand_250801DR48FP26001744,fastumi,scalar.clamp.value_0_p01,0.886459186488878
fastumi旧数据,right_hand_250801DR48FP26001744,fastumi,scalar.clamp.value_0_p50,87.03032454186666
fastumi旧数据,right_hand_250801DR48FP26001744,fastumi,scalar.clamp.value_0_p99,87.27606689635554
fastumi旧数据,right_hand_250801DR48FP26001744,fastumi,cross_modal.rgb_to_slam_raw.p50_ms,0.5029999956605025
fastumi旧数据,right_hand_250801DR48FP26001744,fastumi,cross_modal.rgb_to_slam_raw.p95_ms,0.9490000011282973
fastumi旧数据,right_hand_250801DR48FP26001744,fastumi,cross_modal.rgb_to_slam_raw.p99_ms,0.9969999955501407
fastumi旧数据,right_hand_250801DR48FP26001744,fastumi,cross_modal.rgb_to_slam_raw.max_ms,24.397999994107522
fastumi旧数据,right_hand_250801DR48FP26001744,fastumi,cross_modal.rgb_to_slam_processed.p50_ms,0.5029999956605025
fastumi旧数据,right_hand_250801DR48FP26001744,fastumi,cross_modal.rgb_to_slam_processed.p95_ms,0.9490000011282973
fastumi旧数据,right_hand_250801DR48FP26001744,fastumi,cross_modal.rgb_to_slam_processed.p99_ms,0.9969999955501407
fastumi旧数据,right_hand_250801DR48FP26001744,fastumi,cross_modal.rgb_to_slam_processed.max_ms,24.397999994107522
fastumi旧数据,right_hand_250801DR48FP26001744,fastumi,cross_modal.rgb_to_merged_trajectory.p50_ms,2.4937380003393628
fastumi旧数据,right_hand_250801DR48FP26001744,fastumi,cross_modal.rgb_to_merged_trajectory.p95_ms,4.717869803425856
fastumi旧数据,right_hand_250801DR48FP26001744,fastumi,cross_modal.rgb_to_merged_trajectory.p99_ms,4.937030482687987
fastumi旧数据,right_hand_250801DR48FP26001744,fastumi,cross_modal.rgb_to_merged_trajectory.max_ms,24.39799499552464
fastumi旧数据,right_hand_250801DR48FP26001744,fastumi,cross_modal.rgb_to_clamp.p50_ms,1.2500000011641532
fastumi旧数据,right_hand_250801DR48FP26001744,fastumi,cross_modal.rgb_to_clamp.p95_ms,2.3740000018733554
fastumi旧数据,right_hand_250801DR48FP26001744,fastumi,cross_modal.rgb_to_clamp.p99_ms,2.4779200021293946
fastumi旧数据,right_hand_250801DR48FP26001744,fastumi,cross_modal.rgb_to_clamp.max_ms,18.11699999962002
fastumi旧数据,right_hand_250801DR48FP26001744,fastumi,cross_modal.video_pose_motion.max_correlation,0.7770712922282081
fastumi旧数据,right_hand_250801DR48FP26001744,fastumi,cross_modal.video_pose_motion.best_lag_samples,0
fastumi旧数据,right_hand_250801DR48FP26001744,fastumi,cross_modal.video_pose_motion.best_lag_ms,0.0
fastumi旧数据,right_hand_250801DR48FP26001744,fastumi,cross_modal.video_pose_motion.sample_count,124
fastumi旧数据,right_hand_250801DR48FP26001744,fastumi,summary.diagnostic_score,94.0
fastumi新,left_hand_250801DR48FP26001788,fastumi,video.rgb_video_metadata.path,[local path omitted]
fastumi新,left_hand_250801DR48FP26001788,fastumi,video.rgb_video_metadata.codec_name,mpeg4
fastumi新,left_hand_250801DR48FP26001788,fastumi,video.rgb_video_metadata.codec_long_name,MPEG-4 part 2
fastumi新,left_hand_250801DR48FP26001788,fastumi,video.rgb_video_metadata.width,1280
fastumi新,left_hand_250801DR48FP26001788,fastumi,video.rgb_video_metadata.height,1280
fastumi新,left_hand_250801DR48FP26001788,fastumi,video.rgb_video_metadata.fps,60.0
fastumi新,left_hand_250801DR48FP26001788,fastumi,video.rgb_video_metadata.nb_frames,1851
fastumi新,left_hand_250801DR48FP26001788,fastumi,video.rgb_video_metadata.duration_s,30.85
fastumi新,left_hand_250801DR48FP26001788,fastumi,video.rgb_video_metadata.pix_fmt,yuv420p
fastumi新,left_hand_250801DR48FP26001788,fastumi,video.rgb_video_metadata.size_bytes,58402450
fastumi新,left_hand_250801DR48FP26001788,fastumi,temporal.rgb_timestamps.count,1851
fastumi新,left_hand_250801DR48FP26001788,fastumi,temporal.rgb_timestamps.nonfinite_count,0
fastumi新,left_hand_250801DR48FP26001788,fastumi,temporal.rgb_timestamps.duplicate_timestamp_count,0
fastumi新,left_hand_250801DR48FP26001788,fastumi,temporal.rgb_timestamps.backward_timestamp_count,0
fastumi新,left_hand_250801DR48FP26001788,fastumi,temporal.rgb_timestamps.median_dt_ms,16.65800000046147
fastumi新,left_hand_250801DR48FP26001788,fastumi,temporal.rgb_timestamps.p99_dt_ms,16.72950999920431
fastumi新,left_hand_250801DR48FP26001788,fastumi,temporal.rgb_timestamps.max_dt_ms,17.034000000421656
fastumi新,left_hand_250801DR48FP26001788,fastumi,temporal.rgb_timestamps.estimated_hz,60.031216230777844
fastumi新,left_hand_250801DR48FP26001788,fastumi,temporal.rgb_timestamps.duration_s,30.816922000001796
fastumi新,left_hand_250801DR48FP26001788,fastumi,structural.rgb_frame_count.video_frames,1851
fastumi新,left_hand_250801DR48FP26001788,fastumi,structural.rgb_frame_count.timestamp_rows,1851
fastumi新,left_hand_250801DR48FP26001788,fastumi,structural.rgb_frame_count.difference,0
fastumi新,left_hand_250801DR48FP26001788,fastumi,video.rgb_visual_quality.sample_count,154
fastumi新,left_hand_250801DR48FP26001788,fastumi,video.rgb_visual_quality.black_frame_fraction,0.0
fastumi新,left_hand_250801DR48FP26001788,fastumi,video.rgb_visual_quality.low_detail_frame_fraction,0.0
fastumi新,left_hand_250801DR48FP26001788,fastumi,video.rgb_visual_quality.static_transition_fraction,0.0392156862745098
fastumi新,left_hand_250801DR48FP26001788,fastumi,video.rgb_visual_quality.longest_static_run_s,0.6
fastumi新,left_hand_250801DR48FP26001788,fastumi,video.rgb_visual_quality.motion_energy_p50,4.096328258514404
fastumi新,left_hand_250801DR48FP26001788,fastumi,video.rgb_visual_quality.motion_energy_p99,24.15937042236328
fastumi新,left_hand_250801DR48FP26001788,fastumi,calibration.intrinsic.fx,391.348388671875
fastumi新,left_hand_250801DR48FP26001788,fastumi,calibration.intrinsic.fy,391.27093505859375
fastumi新,left_hand_250801DR48FP26001788,fastumi,calibration.intrinsic.cx,637.9758911132812
fastumi新,left_hand_250801DR48FP26001788,fastumi,calibration.intrinsic.cy,641.518310546875
fastumi新,left_hand_250801DR48FP26001788,fastumi,calibration.intrinsic.alpha,0.6789121031761169
fastumi新,left_hand_250801DR48FP26001788,fastumi,calibration.intrinsic.beta,0.7503167390823364
fastumi新,left_hand_250801DR48FP26001788,fastumi,calibration.intrinsic.width,1280.0
fastumi新,left_hand_250801DR48FP26001788,fastumi,calibration.intrinsic.height,1280.0
fastumi新,left_hand_250801DR48FP26001788,fastumi,calibration.intrinsic.model,seucm
fastumi新,left_hand_250801DR48FP26001788,fastumi,calibration.intrinsic.cx_is_null,True
fastumi新,left_hand_250801DR48FP26001788,fastumi,calibration.intrinsic.cy_is_null,True
fastumi新,left_hand_250801DR48FP26001788,fastumi,calibration.intrinsic.camera_matrix_is_standard_K,False
fastumi新,left_hand_250801DR48FP26001788,fastumi,calibration.extrinsic.finite_fraction,1.0
fastumi新,left_hand_250801DR48FP26001788,fastumi,calibration.extrinsic.position_norm_m,0.024085114289429266
fastumi新,left_hand_250801DR48FP26001788,fastumi,calibration.extrinsic.quaternion_norm_error,9.741532025486777e-09
fastumi新,left_hand_250801DR48FP26001788,fastumi,calibration.extrinsic.image_topic,/xv_sdk/250801DR48FP26001788/color_camera/image
fastumi新,left_hand_250801DR48FP26001788,fastumi,trajectory.slam_raw.count,15280
fastumi新,left_hand_250801DR48FP26001788,fastumi,trajectory.slam_raw.nonfinite_count,0
fastumi新,left_hand_250801DR48FP26001788,fastumi,trajectory.slam_raw.duplicate_timestamp_count,0
fastumi新,left_hand_250801DR48FP26001788,fastumi,trajectory.slam_raw.backward_timestamp_count,0
fastumi新,left_hand_250801DR48FP26001788,fastumi,trajectory.slam_raw.median_dt_ms,2.0000000004074536
fastumi新,left_hand_250801DR48FP26001788,fastumi,trajectory.slam_raw.p99_dt_ms,3.9572200008842624
fastumi新,left_hand_250801DR48FP26001788,fastumi,trajectory.slam_raw.max_dt_ms,9.998000001360197
fastumi新,left_hand_250801DR48FP26001788,fastumi,trajectory.slam_raw.estimated_hz,499.9999998981366
fastumi新,left_hand_250801DR48FP26001788,fastumi,trajectory.slam_raw.duration_s,30.8199769999992
fastumi新,left_hand_250801DR48FP26001788,fastumi,trajectory.slam_raw.finite_row_fraction,1.0
fastumi新,left_hand_250801DR48FP26001788,fastumi,trajectory.slam_raw.quaternion_norm_error_p99,1.7804879792748806e-12
fastumi新,left_hand_250801DR48FP26001788,fastumi,trajectory.slam_raw.quaternion_norm_error_max,1.7891244041834398e-12
fastumi新,left_hand_250801DR48FP26001788,fastumi,trajectory.slam_raw.linear_speed_mps_p50,0.015153459524417871
fastumi新,left_hand_250801DR48FP26001788,fastumi,trajectory.slam_raw.linear_speed_mps_p95,0.2799011780550803
fastumi新,left_hand_250801DR48FP26001788,fastumi,trajectory.slam_raw.linear_speed_mps_p99,0.37817729732701816
fastumi新,left_hand_250801DR48FP26001788,fastumi,trajectory.slam_raw.linear_speed_mps_max,0.40682150935480427
fastumi新,left_hand_250801DR48FP26001788,fastumi,trajectory.slam_raw.angular_speed_radps_p50,0.12266627053584075
fastumi新,left_hand_250801DR48FP26001788,fastumi,trajectory.slam_raw.angular_speed_radps_p95,0.7834648395013097
fastumi新,left_hand_250801DR48FP26001788,fastumi,trajectory.slam_raw.angular_speed_radps_p99,1.058618678430957
fastumi新,left_hand_250801DR48FP26001788,fastumi,trajectory.slam_raw.angular_speed_radps_max,1.30353728307519
fastumi新,left_hand_250801DR48FP26001788,fastumi,trajectory.slam_raw.consecutive_duplicate_value_count,0
fastumi新,left_hand_250801DR48FP26001788,fastumi,trajectory.slam_raw.sudden_change_count,0
fastumi新,left_hand_250801DR48FP26001788,fastumi,trajectory.slam_raw.sudden_change_fraction,0.0
fastumi新,left_hand_250801DR48FP26001788,fastumi,trajectory.slam_raw.extreme_position_count,0
fastumi新,left_hand_250801DR48FP26001788,fastumi,trajectory.slam_raw.max_residual_z,422.6377126991173
fastumi新,left_hand_250801DR48FP26001788,fastumi,trajectory.slam_processed.count,15280
fastumi新,left_hand_250801DR48FP26001788,fastumi,trajectory.slam_processed.nonfinite_count,0
fastumi新,left_hand_250801DR48FP26001788,fastumi,trajectory.slam_processed.duplicate_timestamp_count,0
fastumi新,left_hand_250801DR48FP26001788,fastumi,trajectory.slam_processed.backward_timestamp_count,0
fastumi新,left_hand_250801DR48FP26001788,fastumi,trajectory.slam_processed.median_dt_ms,2.0000000004074536
fastumi新,left_hand_250801DR48FP26001788,fastumi,trajectory.slam_processed.p99_dt_ms,3.9572200008842624
fastumi新,left_hand_250801DR48FP26001788,fastumi,trajectory.slam_processed.max_dt_ms,9.998000001360197
fastumi新,left_hand_250801DR48FP26001788,fastumi,trajectory.slam_processed.estimated_hz,499.9999998981366
fastumi新,left_hand_250801DR48FP26001788,fastumi,trajectory.slam_processed.duration_s,30.8199769999992
fastumi新,left_hand_250801DR48FP26001788,fastumi,trajectory.slam_processed.finite_row_fraction,1.0
fastumi新,left_hand_250801DR48FP26001788,fastumi,trajectory.slam_processed.quaternion_norm_error_p99,1.1102230246251565e-16
fastumi新,left_hand_250801DR48FP26001788,fastumi,trajectory.slam_processed.quaternion_norm_error_max,2.220446049250313e-16
fastumi新,left_hand_250801DR48FP26001788,fastumi,trajectory.slam_processed.linear_speed_mps_p50,0.012005467526977516
fastumi新,left_hand_250801DR48FP26001788,fastumi,trajectory.slam_processed.linear_speed_mps_p95,0.2597585965786556
fastumi新,left_hand_250801DR48FP26001788,fastumi,trajectory.slam_processed.linear_speed_mps_p99,0.33278693658640157
fastumi新,left_hand_250801DR48FP26001788,fastumi,trajectory.slam_processed.linear_speed_mps_max,0.3574205402036787
fastumi新,left_hand_250801DR48FP26001788,fastumi,trajectory.slam_processed.angular_speed_radps_p50,0.12264025772690845
fastumi新,left_hand_250801DR48FP26001788,fastumi,trajectory.slam_processed.angular_speed_radps_p95,0.7834648392065748
fastumi新,left_hand_250801DR48FP26001788,fastumi,trajectory.slam_processed.angular_speed_radps_p99,1.058618678430957
fastumi新,left_hand_250801DR48FP26001788,fastumi,trajectory.slam_processed.angular_speed_radps_max,1.3035372829900198
fastumi新,left_hand_250801DR48FP26001788,fastumi,trajectory.slam_processed.consecutive_duplicate_value_count,0
fastumi新,left_hand_250801DR48FP26001788,fastumi,trajectory.slam_processed.sudden_change_count,0
fastumi新,left_hand_250801DR48FP26001788,fastumi,trajectory.slam_processed.sudden_change_fraction,0.0
fastumi新,left_hand_250801DR48FP26001788,fastumi,trajectory.slam_processed.extreme_position_count,0
fastumi新,left_hand_250801DR48FP26001788,fastumi,trajectory.slam_processed.max_residual_z,422.637713098068
fastumi新,left_hand_250801DR48FP26001788,fastumi,trajectory.merged_trajectory.count,3083
fastumi新,left_hand_250801DR48FP26001788,fastumi,trajectory.merged_trajectory.nonfinite_count,0
fastumi新,left_hand_250801DR48FP26001788,fastumi,trajectory.merged_trajectory.duplicate_timestamp_count,0
fastumi新,left_hand_250801DR48FP26001788,fastumi,trajectory.merged_trajectory.backward_timestamp_count,0
fastumi新,left_hand_250801DR48FP26001788,fastumi,trajectory.merged_trajectory.median_dt_ms,9.998083000027691
fastumi新,left_hand_250801DR48FP26001788,fastumi,trajectory.merged_trajectory.p99_dt_ms,12.220971769238535
fastumi新,left_hand_250801DR48FP26001788,fastumi,trajectory.merged_trajectory.max_dt_ms,23.55361000081757
fastumi新,left_hand_250801DR48FP26001788,fastumi,trajectory.merged_trajectory.estimated_hz,100.0191736753166
fastumi新,left_hand_250801DR48FP26001788,fastumi,trajectory.merged_trajectory.duration_s,30.819878817001154
fastumi新,left_hand_250801DR48FP26001788,fastumi,trajectory.merged_trajectory.finite_row_fraction,1.0
fastumi新,left_hand_250801DR48FP26001788,fastumi,trajectory.merged_trajectory.quaternion_norm_error_p99,1.1102230246251565e-16
fastumi新,left_hand_250801DR48FP26001788,fastumi,trajectory.merged_trajectory.quaternion_norm_error_max,1.1102230246251565e-16
fastumi新,left_hand_250801DR48FP26001788,fastumi,trajectory.merged_trajectory.linear_speed_mps_p50,0.011744893704265943
fastumi新,left_hand_250801DR48FP26001788,fastumi,trajectory.merged_trajectory.linear_speed_mps_p95,0.26086279470312096
fastumi新,left_hand_250801DR48FP26001788,fastumi,trajectory.merged_trajectory.linear_speed_mps_p99,0.3339524791819468
fastumi新,left_hand_250801DR48FP26001788,fastumi,trajectory.merged_trajectory.linear_speed_mps_max,0.36711744361847914
fastumi新,left_hand_250801DR48FP26001788,fastumi,trajectory.merged_trajectory.angular_speed_radps_p50,0.12000165286484533
fastumi新,left_hand_250801DR48FP26001788,fastumi,trajectory.merged_trajectory.angular_speed_radps_p95,0.784672058881597
fastumi新,left_hand_250801DR48FP26001788,fastumi,trajectory.merged_trajectory.angular_speed_radps_p99,1.0541675647568514
fastumi新,left_hand_250801DR48FP26001788,fastumi,trajectory.merged_trajectory.angular_speed_radps_max,1.7592962224769475
fastumi新,left_hand_250801DR48FP26001788,fastumi,trajectory.merged_trajectory.consecutive_duplicate_value_count,0
fastumi新,left_hand_250801DR48FP26001788,fastumi,trajectory.merged_trajectory.sudden_change_count,0
fastumi新,left_hand_250801DR48FP26001788,fastumi,trajectory.merged_trajectory.sudden_change_fraction,0.0
fastumi新,left_hand_250801DR48FP26001788,fastumi,trajectory.merged_trajectory.extreme_position_count,0
fastumi新,left_hand_250801DR48FP26001788,fastumi,trajectory.merged_trajectory.max_residual_z,284.61138440586654
fastumi新,left_hand_250801DR48FP26001788,fastumi,trajectory.merge_stats.total_merged,3083
fastumi新,left_hand_250801DR48FP26001788,fastumi,trajectory.merge_stats.averaged,3083
fastumi新,left_hand_250801DR48FP26001788,fastumi,trajectory.merge_stats.use_slam,0
fastumi新,left_hand_250801DR48FP26001788,fastumi,trajectory.merge_stats.use_vive,0
fastumi新,left_hand_250801DR48FP26001788,fastumi,trajectory.merge_stats.both_high,0
fastumi新,left_hand_250801DR48FP26001788,fastumi,trajectory.merge_stats.skipped,0
fastumi新,left_hand_250801DR48FP26001788,fastumi,trajectory.merge_stats.no_match,0
fastumi新,left_hand_250801DR48FP26001788,fastumi,trajectory.merge_stats.velocity_threshold_mps,1.0
fastumi新,left_hand_250801DR48FP26001788,fastumi,trajectory.merge_stats.matching_tolerance_s,0.01
fastumi新,left_hand_250801DR48FP26001788,fastumi,trajectory.merge_stats.trajectory_row_count,3083
fastumi新,left_hand_250801DR48FP26001788,fastumi,inertial.imu.count,14614
fastumi新,left_hand_250801DR48FP26001788,fastumi,inertial.imu.nonfinite_count,0
fastumi新,left_hand_250801DR48FP26001788,fastumi,inertial.imu.duplicate_timestamp_count,1
fastumi新,left_hand_250801DR48FP26001788,fastumi,inertial.imu.backward_timestamp_count,0
fastumi新,left_hand_250801DR48FP26001788,fastumi,inertial.imu.median_dt_ms,1.9920000013371464
fastumi新,left_hand_250801DR48FP26001788,fastumi,inertial.imu.p99_dt_ms,5.969000001241511
fastumi新,left_hand_250801DR48FP26001788,fastumi,inertial.imu.max_dt_ms,29.88300000288291
fastumi新,left_hand_250801DR48FP26001788,fastumi,inertial.imu.estimated_hz,502.008031791537
fastumi新,left_hand_250801DR48FP26001788,fastumi,inertial.imu.duration_s,30.825686000000132
fastumi新,left_hand_250801DR48FP26001788,fastumi,inertial.imu.consecutive_duplicate_count,1
fastumi新,left_hand_250801DR48FP26001788,fastumi,inertial.imu.consecutive_duplicate_fraction,6.843221788818175e-05
fastumi新,left_hand_250801DR48FP26001788,fastumi,inertial.imu.longest_duplicate_run,1
fastumi新,left_hand_250801DR48FP26001788,fastumi,inertial.imu.finite_fraction,1.0
fastumi新,left_hand_250801DR48FP26001788,fastumi,inertial.imu.gyro_norm_radps_p01,0.0010258640260775304
fastumi新,left_hand_250801DR48FP26001788,fastumi,inertial.imu.gyro_norm_radps_p50,0.11978385035376256
fastumi新,left_hand_250801DR48FP26001788,fastumi,inertial.imu.gyro_norm_radps_p99,1.0458654039907507
fastumi新,left_hand_250801DR48FP26001788,fastumi,inertial.imu.accel_norm_mps2_p01,8.918671204896247
fastumi新,left_hand_250801DR48FP26001788,fastumi,inertial.imu.accel_norm_mps2_p50,9.806507749949725
fastumi新,left_hand_250801DR48FP26001788,fastumi,inertial.imu.accel_norm_mps2_p99,11.104840811422019
fastumi新,left_hand_250801DR48FP26001788,fastumi,scalar.clamp.count,6165
fastumi新,left_hand_250801DR48FP26001788,fastumi,scalar.clamp.nonfinite_count,0
fastumi新,left_hand_250801DR48FP26001788,fastumi,scalar.clamp.duplicate_timestamp_count,0
fastumi新,left_hand_250801DR48FP26001788,fastumi,scalar.clamp.backward_timestamp_count,0
fastumi新,left_hand_250801DR48FP26001788,fastumi,scalar.clamp.median_dt_ms,5.000000001018634
fastumi新,left_hand_250801DR48FP26001788,fastumi,scalar.clamp.p99_dt_ms,5.023110001566238
fastumi新,left_hand_250801DR48FP26001788,fastumi,scalar.clamp.max_dt_ms,5.376999997679377
fastumi新,left_hand_250801DR48FP26001788,fastumi,scalar.clamp.estimated_hz,199.99999995925464
fastumi新,left_hand_250801DR48FP26001788,fastumi,scalar.clamp.duration_s,30.819885999997496
fastumi新,left_hand_250801DR48FP26001788,fastumi,scalar.clamp.finite_fraction,1.0
fastumi新,left_hand_250801DR48FP26001788,fastumi,scalar.clamp.consecutive_duplicate_count,96
fastumi新,left_hand_250801DR48FP26001788,fastumi,scalar.clamp.consecutive_duplicate_fraction,0.015574302401038288
fastumi新,left_hand_250801DR48FP26001788,fastumi,scalar.clamp.longest_duplicate_run,2
fastumi新,left_hand_250801DR48FP26001788,fastumi,scalar.clamp.value_0_p01,3.5375509899708177
fastumi新,left_hand_250801DR48FP26001788,fastumi,scalar.clamp.value_0_p50,87.94152343376683
fastumi新,left_hand_250801DR48FP26001788,fastumi,scalar.clamp.value_0_p99,88.32219780401802
fastumi新,left_hand_250801DR48FP26001788,fastumi,cross_modal.rgb_to_slam_raw.p50_ms,0.5109999983687885
fastumi新,left_hand_250801DR48FP26001788,fastumi,cross_modal.rgb_to_slam_raw.p95_ms,0.963999998930376
fastumi新,left_hand_250801DR48FP26001788,fastumi,cross_modal.rgb_to_slam_raw.p99_ms,1.6544999998586718
fastumi新,left_hand_250801DR48FP26001788,fastumi,cross_modal.rgb_to_slam_raw.max_ms,4.057000001921551
fastumi新,left_hand_250801DR48FP26001788,fastumi,cross_modal.rgb_to_slam_processed.p50_ms,0.5109999983687885
fastumi新,left_hand_250801DR48FP26001788,fastumi,cross_modal.rgb_to_slam_processed.p95_ms,0.963999998930376
fastumi新,left_hand_250801DR48FP26001788,fastumi,cross_modal.rgb_to_slam_processed.p99_ms,1.6544999998586718
fastumi新,left_hand_250801DR48FP26001788,fastumi,cross_modal.rgb_to_slam_processed.max_ms,4.057000001921551
fastumi新,left_hand_250801DR48FP26001788,fastumi,cross_modal.rgb_to_merged_trajectory.p50_ms,2.4322039971593767
fastumi新,left_hand_250801DR48FP26001788,fastumi,cross_modal.rgb_to_merged_trajectory.p95_ms,4.7875630007183645
fastumi新,left_hand_250801DR48FP26001788,fastumi,cross_modal.rgb_to_merged_trajectory.p99_ms,5.130174500663998
fastumi新,left_hand_250801DR48FP26001788,fastumi,cross_modal.rgb_to_merged_trajectory.max_ms,8.3728700010397
fastumi新,left_hand_250801DR48FP26001788,fastumi,cross_modal.rgb_to_imu.p50_ms,0.5609999971056823
fastumi新,left_hand_250801DR48FP26001788,fastumi,cross_modal.rgb_to_imu.p95_ms,1.7915000007633353
fastumi新,left_hand_250801DR48FP26001788,fastumi,cross_modal.rgb_to_imu.p99_ms,3.0650000007881317
fastumi新,left_hand_250801DR48FP26001788,fastumi,cross_modal.rgb_to_imu.max_ms,7.329000000027008
fastumi新,left_hand_250801DR48FP26001788,fastumi,cross_modal.rgb_to_clamp.p50_ms,1.2400000014167745
fastumi新,left_hand_250801DR48FP26001788,fastumi,cross_modal.rgb_to_clamp.p95_ms,2.3789999995642575
fastumi新,left_hand_250801DR48FP26001788,fastumi,cross_modal.rgb_to_clamp.p99_ms,2.4759999996604165
fastumi新,left_hand_250801DR48FP26001788,fastumi,cross_modal.rgb_to_clamp.max_ms,3.4990000021934975
fastumi新,left_hand_250801DR48FP26001788,fastumi,cross_modal.video_pose_motion.max_correlation,0.8434215003097398
fastumi新,left_hand_250801DR48FP26001788,fastumi,cross_modal.video_pose_motion.best_lag_samples,0
fastumi新,left_hand_250801DR48FP26001788,fastumi,cross_modal.video_pose_motion.best_lag_ms,0.0
fastumi新,left_hand_250801DR48FP26001788,fastumi,cross_modal.video_pose_motion.sample_count,153
fastumi新,left_hand_250801DR48FP26001788,fastumi,summary.diagnostic_score,94.0
fastumi新,right_hand_250801DR48FP26001795,fastumi,video.rgb_video_metadata.path,[local path omitted]
fastumi新,right_hand_250801DR48FP26001795,fastumi,video.rgb_video_metadata.codec_name,mpeg4
fastumi新,right_hand_250801DR48FP26001795,fastumi,video.rgb_video_metadata.codec_long_name,MPEG-4 part 2
fastumi新,right_hand_250801DR48FP26001795,fastumi,video.rgb_video_metadata.width,1280
fastumi新,right_hand_250801DR48FP26001795,fastumi,video.rgb_video_metadata.height,1280
fastumi新,right_hand_250801DR48FP26001795,fastumi,video.rgb_video_metadata.fps,60.0
fastumi新,right_hand_250801DR48FP26001795,fastumi,video.rgb_video_metadata.nb_frames,1850
fastumi新,right_hand_250801DR48FP26001795,fastumi,video.rgb_video_metadata.duration_s,30.833333
fastumi新,right_hand_250801DR48FP26001795,fastumi,video.rgb_video_metadata.pix_fmt,yuv420p
fastumi新,right_hand_250801DR48FP26001795,fastumi,video.rgb_video_metadata.size_bytes,80568782
fastumi新,right_hand_250801DR48FP26001795,fastumi,temporal.rgb_timestamps.count,1850
fastumi新,right_hand_250801DR48FP26001795,fastumi,temporal.rgb_timestamps.nonfinite_count,0
fastumi新,right_hand_250801DR48FP26001795,fastumi,temporal.rgb_timestamps.duplicate_timestamp_count,0
fastumi新,right_hand_250801DR48FP26001795,fastumi,temporal.rgb_timestamps.backward_timestamp_count,0
fastumi新,right_hand_250801DR48FP26001795,fastumi,temporal.rgb_timestamps.median_dt_ms,16.65800000046147
fastumi新,right_hand_250801DR48FP26001795,fastumi,temporal.rgb_timestamps.p99_dt_ms,16.72604000166757
fastumi新,right_hand_250801DR48FP26001795,fastumi,temporal.rgb_timestamps.max_dt_ms,17.237999996723374
fastumi新,right_hand_250801DR48FP26001795,fastumi,temporal.rgb_timestamps.estimated_hz,60.031216230777844
fastumi新,right_hand_250801DR48FP26001795,fastumi,temporal.rgb_timestamps.duration_s,30.8003549999994
fastumi新,right_hand_250801DR48FP26001795,fastumi,structural.rgb_frame_count.video_frames,1850
fastumi新,right_hand_250801DR48FP26001795,fastumi,structural.rgb_frame_count.timestamp_rows,1850
fastumi新,right_hand_250801DR48FP26001795,fastumi,structural.rgb_frame_count.difference,0
fastumi新,right_hand_250801DR48FP26001795,fastumi,video.rgb_visual_quality.sample_count,154
fastumi新,right_hand_250801DR48FP26001795,fastumi,video.rgb_visual_quality.black_frame_fraction,0.0
fastumi新,right_hand_250801DR48FP26001795,fastumi,video.rgb_visual_quality.low_detail_frame_fraction,0.0
fastumi新,right_hand_250801DR48FP26001795,fastumi,video.rgb_visual_quality.static_transition_fraction,0.0196078431372549
fastumi新,right_hand_250801DR48FP26001795,fastumi,video.rgb_visual_quality.longest_static_run_s,0.6
fastumi新,right_hand_250801DR48FP26001795,fastumi,video.rgb_visual_quality.motion_energy_p50,10.8687105178833
fastumi新,right_hand_250801DR48FP26001795,fastumi,video.rgb_visual_quality.motion_energy_p99,25.565773010253906
fastumi新,right_hand_250801DR48FP26001795,fastumi,calibration.intrinsic.fx,397.3277587890625
fastumi新,right_hand_250801DR48FP26001795,fastumi,calibration.intrinsic.fy,397.1492004394531
fastumi新,right_hand_250801DR48FP26001795,fastumi,calibration.intrinsic.cx,638.1333618164062
fastumi新,right_hand_250801DR48FP26001795,fastumi,calibration.intrinsic.cy,641.1234741210938
fastumi新,right_hand_250801DR48FP26001795,fastumi,calibration.intrinsic.alpha,0.6834353804588318
fastumi新,right_hand_250801DR48FP26001795,fastumi,calibration.intrinsic.beta,0.7418198585510254
fastumi新,right_hand_250801DR48FP26001795,fastumi,calibration.intrinsic.width,1280.0
fastumi新,right_hand_250801DR48FP26001795,fastumi,calibration.intrinsic.height,1280.0
fastumi新,right_hand_250801DR48FP26001795,fastumi,calibration.intrinsic.model,seucm
fastumi新,right_hand_250801DR48FP26001795,fastumi,calibration.intrinsic.cx_is_null,True
fastumi新,right_hand_250801DR48FP26001795,fastumi,calibration.intrinsic.cy_is_null,True
fastumi新,right_hand_250801DR48FP26001795,fastumi,calibration.intrinsic.camera_matrix_is_standard_K,False
fastumi新,right_hand_250801DR48FP26001795,fastumi,calibration.extrinsic.finite_fraction,1.0
fastumi新,right_hand_250801DR48FP26001795,fastumi,calibration.extrinsic.position_norm_m,0.026279982359511487
fastumi新,right_hand_250801DR48FP26001795,fastumi,calibration.extrinsic.quaternion_norm_error,1.0986531684409329e-09
fastumi新,right_hand_250801DR48FP26001795,fastumi,calibration.extrinsic.image_topic,/xv_sdk/250801DR48FP26001795/color_camera/image
fastumi新,right_hand_250801DR48FP26001795,fastumi,trajectory.slam_raw.count,15295
fastumi新,right_hand_250801DR48FP26001795,fastumi,trajectory.slam_raw.nonfinite_count,0
fastumi新,right_hand_250801DR48FP26001795,fastumi,trajectory.slam_raw.duplicate_timestamp_count,0
fastumi新,right_hand_250801DR48FP26001795,fastumi,trajectory.slam_raw.backward_timestamp_count,0
fastumi新,right_hand_250801DR48FP26001795,fastumi,trajectory.slam_raw.median_dt_ms,2.0000000004074536
fastumi新,right_hand_250801DR48FP26001795,fastumi,trajectory.slam_raw.p99_dt_ms,3.3903300012752826
fastumi新,right_hand_250801DR48FP26001795,fastumi,trajectory.slam_raw.max_dt_ms,11.58200000281795
fastumi新,right_hand_250801DR48FP26001795,fastumi,trajectory.slam_raw.estimated_hz,499.9999998981366
fastumi新,right_hand_250801DR48FP26001795,fastumi,trajectory.slam_raw.duration_s,30.819994000001316
fastumi新,right_hand_250801DR48FP26001795,fastumi,trajectory.slam_raw.finite_row_fraction,1.0
fastumi新,right_hand_250801DR48FP26001795,fastumi,trajectory.slam_raw.quaternion_norm_error_p99,6.784481865196312e-12
fastumi新,right_hand_250801DR48FP26001795,fastumi,trajectory.slam_raw.quaternion_norm_error_max,6.822542530926512e-12
fastumi新,right_hand_250801DR48FP26001795,fastumi,trajectory.slam_raw.linear_speed_mps_p50,0.09946147843491732
fastumi新,right_hand_250801DR48FP26001795,fastumi,trajectory.slam_raw.linear_speed_mps_p95,0.28741130354944117
fastumi新,right_hand_250801DR48FP26001795,fastumi,trajectory.slam_raw.linear_speed_mps_p99,0.428876614360977
fastumi新,right_hand_250801DR48FP26001795,fastumi,trajectory.slam_raw.linear_speed_mps_max,0.4961077840216324
fastumi新,right_hand_250801DR48FP26001795,fastumi,trajectory.slam_raw.angular_speed_radps_p50,0.248937964455808
fastumi新,right_hand_250801DR48FP26001795,fastumi,trajectory.slam_raw.angular_speed_radps_p95,0.6331212823961425
fastumi新,right_hand_250801DR48FP26001795,fastumi,trajectory.slam_raw.angular_speed_radps_p99,1.275395797093492
fastumi新,right_hand_250801DR48FP26001795,fastumi,trajectory.slam_raw.angular_speed_radps_max,3.369924064281125
fastumi新,right_hand_250801DR48FP26001795,fastumi,trajectory.slam_raw.consecutive_duplicate_value_count,0
fastumi新,right_hand_250801DR48FP26001795,fastumi,trajectory.slam_raw.sudden_change_count,0
fastumi新,right_hand_250801DR48FP26001795,fastumi,trajectory.slam_raw.sudden_change_fraction,0.0
fastumi新,right_hand_250801DR48FP26001795,fastumi,trajectory.slam_raw.extreme_position_count,0
fastumi新,right_hand_250801DR48FP26001795,fastumi,trajectory.slam_raw.max_residual_z,318.65431826717173
fastumi新,right_hand_250801DR48FP26001795,fastumi,trajectory.slam_processed.count,15295
fastumi新,right_hand_250801DR48FP26001795,fastumi,trajectory.slam_processed.nonfinite_count,0
fastumi新,right_hand_250801DR48FP26001795,fastumi,trajectory.slam_processed.duplicate_timestamp_count,0
fastumi新,right_hand_250801DR48FP26001795,fastumi,trajectory.slam_processed.backward_timestamp_count,0
fastumi新,right_hand_250801DR48FP26001795,fastumi,trajectory.slam_processed.median_dt_ms,2.0000000004074536
fastumi新,right_hand_250801DR48FP26001795,fastumi,trajectory.slam_processed.p99_dt_ms,3.3903300012752826
fastumi新,right_hand_250801DR48FP26001795,fastumi,trajectory.slam_processed.max_dt_ms,11.58200000281795
fastumi新,right_hand_250801DR48FP26001795,fastumi,trajectory.slam_processed.estimated_hz,499.9999998981366
fastumi新,right_hand_250801DR48FP26001795,fastumi,trajectory.slam_processed.duration_s,30.819994000001316
fastumi新,right_hand_250801DR48FP26001795,fastumi,trajectory.slam_processed.finite_row_fraction,1.0
fastumi新,right_hand_250801DR48FP26001795,fastumi,trajectory.slam_processed.quaternion_norm_error_p99,1.1102230246251565e-16
fastumi新,right_hand_250801DR48FP26001795,fastumi,trajectory.slam_processed.quaternion_norm_error_max,2.220446049250313e-16
fastumi新,right_hand_250801DR48FP26001795,fastumi,trajectory.slam_processed.linear_speed_mps_p50,0.09415294818021716
fastumi新,right_hand_250801DR48FP26001795,fastumi,trajectory.slam_processed.linear_speed_mps_p95,0.29596159802073047
fastumi新,right_hand_250801DR48FP26001795,fastumi,trajectory.slam_processed.linear_speed_mps_p99,0.37762855564137365
fastumi新,right_hand_250801DR48FP26001795,fastumi,trajectory.slam_processed.linear_speed_mps_max,0.5972231491575036
fastumi新,right_hand_250801DR48FP26001795,fastumi,trajectory.slam_processed.angular_speed_radps_p50,0.248937964455808
fastumi新,right_hand_250801DR48FP26001795,fastumi,trajectory.slam_processed.angular_speed_radps_p95,0.6331212822106977
fastumi新,right_hand_250801DR48FP26001795,fastumi,trajectory.slam_processed.angular_speed_radps_p99,1.2753957970124485
fastumi新,right_hand_250801DR48FP26001795,fastumi,trajectory.slam_processed.angular_speed_radps_max,3.369924064281125
fastumi新,right_hand_250801DR48FP26001795,fastumi,trajectory.slam_processed.consecutive_duplicate_value_count,0
fastumi新,right_hand_250801DR48FP26001795,fastumi,trajectory.slam_processed.sudden_change_count,0
fastumi新,right_hand_250801DR48FP26001795,fastumi,trajectory.slam_processed.sudden_change_fraction,0.0
fastumi新,right_hand_250801DR48FP26001795,fastumi,trajectory.slam_processed.extreme_position_count,0
fastumi新,right_hand_250801DR48FP26001795,fastumi,trajectory.slam_processed.max_residual_z,318.65431826535416
fastumi新,right_hand_250801DR48FP26001795,fastumi,trajectory.merged_trajectory.count,3081
fastumi新,right_hand_250801DR48FP26001795,fastumi,trajectory.merged_trajectory.nonfinite_count,0
fastumi新,right_hand_250801DR48FP26001795,fastumi,trajectory.merged_trajectory.duplicate_timestamp_count,0
fastumi新,right_hand_250801DR48FP26001795,fastumi,trajectory.merged_trajectory.backward_timestamp_count,0
fastumi新,right_hand_250801DR48FP26001795,fastumi,trajectory.merged_trajectory.median_dt_ms,9.999752001021989
fastumi新,right_hand_250801DR48FP26001795,fastumi,trajectory.merged_trajectory.p99_dt_ms,11.550199960511238
fastumi新,right_hand_250801DR48FP26001795,fastumi,trajectory.merged_trajectory.max_dt_ms,23.6856940027792
fastumi新,right_hand_250801DR48FP26001795,fastumi,trajectory.merged_trajectory.estimated_hz,100.00248005128513
fastumi新,right_hand_250801DR48FP26001795,fastumi,trajectory.merged_trajectory.duration_s,30.799707174002833
fastumi新,right_hand_250801DR48FP26001795,fastumi,trajectory.merged_trajectory.finite_row_fraction,1.0
fastumi新,right_hand_250801DR48FP26001795,fastumi,trajectory.merged_trajectory.quaternion_norm_error_p99,1.1102230246251565e-16
fastumi新,right_hand_250801DR48FP26001795,fastumi,trajectory.merged_trajectory.quaternion_norm_error_max,2.220446049250313e-16
fastumi新,right_hand_250801DR48FP26001795,fastumi,trajectory.merged_trajectory.linear_speed_mps_p50,0.09335145873436437
fastumi新,right_hand_250801DR48FP26001795,fastumi,trajectory.merged_trajectory.linear_speed_mps_p95,0.2933623648161652
fastumi新,right_hand_250801DR48FP26001795,fastumi,trajectory.merged_trajectory.linear_speed_mps_p99,0.38013580126434954
fastumi新,right_hand_250801DR48FP26001795,fastumi,trajectory.merged_trajectory.linear_speed_mps_max,0.5488822945600188
fastumi新,right_hand_250801DR48FP26001795,fastumi,trajectory.merged_trajectory.angular_speed_radps_p50,0.24675103805119591
fastumi新,right_hand_250801DR48FP26001795,fastumi,trajectory.merged_trajectory.angular_speed_radps_p95,0.6193417719702998
fastumi新,right_hand_250801DR48FP26001795,fastumi,trajectory.merged_trajectory.angular_speed_radps_p99,1.2497909407648327
fastumi新,right_hand_250801DR48FP26001795,fastumi,trajectory.merged_trajectory.angular_speed_radps_max,1.4255936864367718
fastumi新,right_hand_250801DR48FP26001795,fastumi,trajectory.merged_trajectory.consecutive_duplicate_value_count,0
fastumi新,right_hand_250801DR48FP26001795,fastumi,trajectory.merged_trajectory.sudden_change_count,0
fastumi新,right_hand_250801DR48FP26001795,fastumi,trajectory.merged_trajectory.sudden_change_fraction,0.0
fastumi新,right_hand_250801DR48FP26001795,fastumi,trajectory.merged_trajectory.extreme_position_count,0
fastumi新,right_hand_250801DR48FP26001795,fastumi,trajectory.merged_trajectory.max_residual_z,98.93311350914338
fastumi新,right_hand_250801DR48FP26001795,fastumi,trajectory.merge_stats.total_merged,3081
fastumi新,right_hand_250801DR48FP26001795,fastumi,trajectory.merge_stats.averaged,3081
fastumi新,right_hand_250801DR48FP26001795,fastumi,trajectory.merge_stats.use_slam,0
fastumi新,right_hand_250801DR48FP26001795,fastumi,trajectory.merge_stats.use_vive,0
fastumi新,right_hand_250801DR48FP26001795,fastumi,trajectory.merge_stats.both_high,0
fastumi新,right_hand_250801DR48FP26001795,fastumi,trajectory.merge_stats.skipped,0
fastumi新,right_hand_250801DR48FP26001795,fastumi,trajectory.merge_stats.no_match,0
fastumi新,right_hand_250801DR48FP26001795,fastumi,trajectory.merge_stats.velocity_threshold_mps,1.0
fastumi新,right_hand_250801DR48FP26001795,fastumi,trajectory.merge_stats.matching_tolerance_s,0.01
fastumi新,right_hand_250801DR48FP26001795,fastumi,trajectory.merge_stats.trajectory_row_count,3081
fastumi新,right_hand_250801DR48FP26001795,fastumi,inertial.imu.count,14320
fastumi新,right_hand_250801DR48FP26001795,fastumi,inertial.imu.nonfinite_count,0
fastumi新,right_hand_250801DR48FP26001795,fastumi,inertial.imu.duplicate_timestamp_count,2
fastumi新,right_hand_250801DR48FP26001795,fastumi,inertial.imu.backward_timestamp_count,0
fastumi新,right_hand_250801DR48FP26001795,fastumi,inertial.imu.median_dt_ms,1.9700000011653174
fastumi新,right_hand_250801DR48FP26001795,fastumi,inertial.imu.p99_dt_ms,5.914000001212116
fastumi新,right_hand_250801DR48FP26001795,fastumi,inertial.imu.max_dt_ms,31.53999999994994
fastumi新,right_hand_250801DR48FP26001795,fastumi,inertial.imu.estimated_hz,507.61421289769964
fastumi新,right_hand_250801DR48FP26001795,fastumi,inertial.imu.duration_s,30.818225999999413
fastumi新,right_hand_250801DR48FP26001795,fastumi,inertial.imu.consecutive_duplicate_count,2
fastumi新,right_hand_250801DR48FP26001795,fastumi,inertial.imu.consecutive_duplicate_fraction,0.00013967455827920943
fastumi新,right_hand_250801DR48FP26001795,fastumi,inertial.imu.longest_duplicate_run,1
fastumi新,right_hand_250801DR48FP26001795,fastumi,inertial.imu.finite_fraction,1.0
fastumi新,right_hand_250801DR48FP26001795,fastumi,inertial.imu.gyro_norm_radps_p01,0.003869968658608573
fastumi新,right_hand_250801DR48FP26001795,fastumi,inertial.imu.gyro_norm_radps_p50,0.251072971759452
fastumi新,right_hand_250801DR48FP26001795,fastumi,inertial.imu.gyro_norm_radps_p99,1.2478389213007215
fastumi新,right_hand_250801DR48FP26001795,fastumi,inertial.imu.accel_norm_mps2_p01,8.658844350369604
fastumi新,right_hand_250801DR48FP26001795,fastumi,inertial.imu.accel_norm_mps2_p50,9.82503326472807
fastumi新,right_hand_250801DR48FP26001795,fastumi,inertial.imu.accel_norm_mps2_p99,11.29902820317117
fastumi新,right_hand_250801DR48FP26001795,fastumi,scalar.clamp.count,6164
fastumi新,right_hand_250801DR48FP26001795,fastumi,scalar.clamp.nonfinite_count,0
fastumi新,right_hand_250801DR48FP26001795,fastumi,scalar.clamp.duplicate_timestamp_count,0
fastumi新,right_hand_250801DR48FP26001795,fastumi,scalar.clamp.backward_timestamp_count,0
fastumi新,right_hand_250801DR48FP26001795,fastumi,scalar.clamp.median_dt_ms,5.000000001018634
fastumi新,right_hand_250801DR48FP26001795,fastumi,scalar.clamp.p99_dt_ms,5.013999998482177
fastumi新,right_hand_250801DR48FP26001795,fastumi,scalar.clamp.max_dt_ms,5.578000000241445
fastumi新,right_hand_250801DR48FP26001795,fastumi,scalar.clamp.estimated_hz,199.99999995925464
fastumi新,right_hand_250801DR48FP26001795,fastumi,scalar.clamp.duration_s,30.815035999999964
fastumi新,right_hand_250801DR48FP26001795,fastumi,scalar.clamp.finite_fraction,1.0
fastumi新,right_hand_250801DR48FP26001795,fastumi,scalar.clamp.consecutive_duplicate_count,82
fastumi新,right_hand_250801DR48FP26001795,fastumi,scalar.clamp.consecutive_duplicate_fraction,0.01330520850235275
fastumi新,right_hand_250801DR48FP26001795,fastumi,scalar.clamp.longest_duplicate_run,2
fastumi新,right_hand_250801DR48FP26001795,fastumi,scalar.clamp.value_0_p01,1.6979326787944709
fastumi新,right_hand_250801DR48FP26001795,fastumi,scalar.clamp.value_0_p50,88.47387441289062
fastumi新,right_hand_250801DR48FP26001795,fastumi,scalar.clamp.value_0_p99,88.97996875464301
fastumi新,right_hand_250801DR48FP26001795,fastumi,cross_modal.rgb_to_slam_raw.p50_ms,0.5065000004833564
fastumi新,right_hand_250801DR48FP26001795,fastumi,cross_modal.rgb_to_slam_raw.p95_ms,0.9630000005927286
fastumi新,right_hand_250801DR48FP26001795,fastumi,cross_modal.rgb_to_slam_raw.p99_ms,1.2171399990984353
fastumi新,right_hand_250801DR48FP26001795,fastumi,cross_modal.rgb_to_slam_raw.max_ms,25.376999998115934
fastumi新,right_hand_250801DR48FP26001795,fastumi,cross_modal.rgb_to_slam_processed.p50_ms,0.5065000004833564
fastumi新,right_hand_250801DR48FP26001795,fastumi,cross_modal.rgb_to_slam_processed.p95_ms,0.9630000005927286
fastumi新,right_hand_250801DR48FP26001795,fastumi,cross_modal.rgb_to_slam_processed.p99_ms,1.2171399990984353
fastumi新,right_hand_250801DR48FP26001795,fastumi,cross_modal.rgb_to_slam_processed.max_ms,25.376999998115934
fastumi新,right_hand_250801DR48FP26001795,fastumi,cross_modal.rgb_to_merged_trajectory.p50_ms,2.5669804999779444
fastumi新,right_hand_250801DR48FP26001795,fastumi,cross_modal.rgb_to_merged_trajectory.p95_ms,4.78723109990824
fastumi新,right_hand_250801DR48FP26001795,fastumi,cross_modal.rgb_to_merged_trajectory.p99_ms,5.012406868227117
fastumi新,right_hand_250801DR48FP26001795,fastumi,cross_modal.rgb_to_merged_trajectory.max_ms,25.37699799722759
fastumi新,right_hand_250801DR48FP26001795,fastumi,cross_modal.rgb_to_imu.p50_ms,0.556999999389518
fastumi新,right_hand_250801DR48FP26001795,fastumi,cross_modal.rgb_to_imu.p95_ms,1.7523999982586245
fastumi新,right_hand_250801DR48FP26001795,fastumi,cross_modal.rgb_to_imu.p99_ms,2.9595699978381163
fastumi新,right_hand_250801DR48FP26001795,fastumi,cross_modal.rgb_to_imu.max_ms,26.995000000169966
fastumi新,right_hand_250801DR48FP26001795,fastumi,cross_modal.rgb_to_clamp.p50_ms,1.2524999983725138
fastumi新,right_hand_250801DR48FP26001795,fastumi,cross_modal.rgb_to_clamp.p95_ms,2.373549999538227
fastumi新,right_hand_250801DR48FP26001795,fastumi,cross_modal.rgb_to_clamp.p99_ms,2.4789999988570344
fastumi新,right_hand_250801DR48FP26001795,fastumi,cross_modal.rgb_to_clamp.max_ms,28.02499999961583
fastumi新,right_hand_250801DR48FP26001795,fastumi,cross_modal.video_pose_motion.max_correlation,0.7842414810308644
fastumi新,right_hand_250801DR48FP26001795,fastumi,cross_modal.video_pose_motion.best_lag_samples,0
fastumi新,right_hand_250801DR48FP26001795,fastumi,cross_modal.video_pose_motion.best_lag_ms,0.0
fastumi新,right_hand_250801DR48FP26001795,fastumi,cross_modal.video_pose_motion.sample_count,153
fastumi新,right_hand_250801DR48FP26001795,fastumi,summary.diagnostic_score,94.0
